APN,SP,SFLA,BEDS,Baths,Age,Stories,Vacant,Month,Day,Year
070-090-08,250000,2206,3,2.5,12,2,0,1,24,2001
071-371-12,202500,1881,3,2,11,1,1,1,30,2001
071-374-14,245000,2086,3,2.5,11,2,0,1,29,2001
072-050-72,176500,2226,4,2.5,23,2,0,1,19,2001
072-060-14,181700,1914,4,2,23,1,0,1,7,2001
072-140-31,189950,2200,4,2.5,23,2,0,1,17,2001
075-050-10,147000,1272,3,1.5,42,1,1,1,31,2001
075-180-01,171000,1611,4,2,33,1,1,1,19,2001
078-070-31,185000,1503,3,2,12,1,0,1,10,2001
078-090-31,220000,2161,4,2.5,15,2,0,1,12,2001
078-270-12,178950,1423,3,2,20,1,1,1,22,2001
079-051-37,135000,1288,3,2,38,1,1,1,7,2001
079-062-04,115000,1175,3,2,37,1,1,1,9,2001
079-234-07,129950,1210,3,2,38,1,0,1,29,2001
079-264-16,150000,1525,3,2,36,1,0,1,9,2001
079-390-08,134950,1213,3,2,28,1,1,1,12,2001
079-420-01,125000,1140,4,2,26,1,0,1,21,2001
080-090-07,205000,2226,4,2.5,21,2,0,1,16,2001
080-090-45,192500,2200,4,2.5,21,2,0,1,29,2001
081-110-07,141500,1308,3,2,32,1,1,1,9,2001
081-110-37,144000,1418,3,2,33,1,1,1,30,2001
081-344-19,117500,1200,3,2,47,1,0,1,11,2001
081-375-08,90000,1425,4,1,55,1,0,1,13,2001
082-100-36,150000,1704,4,2.5,26,1,0,1,6,2001
082-160-22,145000,1428,3,1.5,27,1,1,1,31,2001
082-260-17,166000,1989,4,3,27,2,1,1,19,2001
085-190-17,175000,1520,3,2,42,1,0,1,31,2001
085-250-17,259000,2131,3,2.5,50,1,0,1,29,2001
085-340-03,425000,2827,4,3.5,37,1,0,1,30,2001
085-380-13,368000,3989,5,2.5,34,1,0,1,10,2001
087-121-33,95000,900,2,1,37,1,1,1,31,2001
087-240-01,358000,2500,4,2.5,15,1,0,1,23,2001
088-053-23,153000,1476,3,1.5,19,1,0,1,23,2001
088-080-01,120000,1164,3,2,21,1,0,1,31,2001
088-130-24,129950,1307,3,2,22,1,0,1,31,2001
088-390-31,210000,1894,4,2.5,9,2,0,1,24,2001
089-090-02,280000,1900,3,2.5,0,1,0,1,11,2001
090-060-19,123500,1397,3,2,25,1,0,1,15,2001
090-380-11,158000,1685,3,2.5,13,2,0,1,30,2001
090-510-06,166700,1688,3,2.5,12,2,0,1,29,2001
090-530-31,155000,1227,3,2,11,1,1,1,24,2001
092-310-03,210000,2038,4,2,2,1,0,1,1,2001
092-310-42,269950,2450,4,3,2,2,0,1,12,2001
094-240-42,134500,1258,3,2,18,1,0,1,11,2001
094-310-06,139950,1260,3,2,11,1,1,1,11,2001
094-310-65,167750,1678,3,2.5,12,2,0,1,15,2001
094-330-30,105000,925,2,2,12,1,0,1,2,2001
096-110-29,190000,2041,4,2.5,12,2,0,1,9,2001
096-220-09,185000,1630,4,2.5,7,2,0,1,21,2001
096-240-44,158000,1498,4,2,6,1,1,1,11,2001
096-260-32,164950,1502,4,2,4,1,1,1,30,2001
097-140-05,180050,1800,3,2,47,1,1,1,20,2001
097-202-30,105000,957,2,1,48,1,1,1,25,2001
097-210-11,159000,1557,3,2,18,1,1,1,18,2001
097-243-09,350000,2363,2,3,34,1,0,1,4,2001
097-285-04,120000,898,2,1,50,1,1,1,24,2001
097-640-19,74000,900,2,1,31,1,1,1,23,2001
098-020-05,212250,1598,3,2,24,1,0,1,15,2001
100-230-07,184000,1465,2,2,31,1,0,1,19,2001
109-284-06,142000,1300,3,2,36,1,0,1,26,2001
109-285-02,174550,1464,3,2,36,1,1,1,16,2001
110-206-02,235750,2550,5,2.5,36,2,1,1,15,2001
111-030-15,110000,1053,3,1,47,1,0,1,25,2001
111-051-15,154000,1500,3,2,45,1,0,1,5,2001
111-090-07,160000,1707,3,2,48,1,1,1,11,2001
111-141-16,102820,1045,3,1,47,1,1,1,17,2001
111-201-10,138700,1450,3,1,51,1,1,1,1,2001
111-210-14,105500,1040,3,1,50,1,0,1,10,2001
111-334-01,109950,1201,3,1,54,1,1,1,28,2001
111-351-16,157500,1391,3,2,36,1,1,1,8,2001
111-392-16,216000,2883,5,2.5,13,2,0,1,15,2001
112-170-55,212500,1979,4,3,25,1,0,1,2,2001
113-043-05,210000,1700,3,1.5,53,1,0,1,28,2001
113-062-13,134500,1030,2,1,56,1,0,1,30,2001
113-081-10,155000,1472,3,1.5,57,1,1,1,9,2001
113-130-29,360000,3487,5,4,53,2,1,1,23,2001
113-203-05,232000,1695,4,1.5,69,1,0,1,2,2001
113-221-20,174000,1451,3,1,81,1,1,1,31,2001
113-310-33,218000,2702,4,3,62,2,0,1,18,2001
115-112-06,115000,889,2,1,51,1,0,1,22,2001
115-121-11,112000,852,2,1,52,1,0,1,22,2001
115-165-04,123500,1207,3,1,48,1,0,1,31,2001
116-040-43,210000,1406,3,2,4,1,0,1,23,2001
116-070-39,245000,1723,3,2,9,1,0,1,22,2001
116-080-43,232000,1549,3,2,9,1,0,1,18,2001
116-210-27,164500,1305,3,2,18,1,0,1,22,2001
117-050-25,96000,960,2,1,62,1,1,1,19,2001
117-181-15,97000,1334,2,1,85,1,0,1,8,2001
118-090-06,340000,1673,3,2,7,1,0,1,27,2001
118-300-62,292500,1647,3,2,5,1,0,1,5,2001
119-180-32,115000,936,2,1,36,1,0,1,13,2001
119-230-08,64000,845,2,1,23,1,0,1,29,2001
119-290-08,69000,1042,3,1,51,1,0,1,23,2001
123-164-24,109950,1121,2,1,65,1,0,1,3,2001
123-242-21,129900,988,2,1.5,61,1,0,1,5,2001
125-130-22,99500,1052,2,1,76,1,0,1,12,2001
125-140-07,165000,1174,2,1,59,1,0,1,25,2001
125-180-29,104000,1045,2,1,62,1,0,1,27,2001
135-070-02,97000,1038,2,1,71,1,0,1,16,2001
135-175-17,115500,1047,2,1,67,1,0,1,10,2001
135-324-17,92800,1264,3,1,80,1,1,1,16,2001
135-361-12,131500,1278,2,1,76,1,1,1,23,2001
135-401-04,120000,1077,2,1,81,1,0,1,24,2001
141-194-05,115000,1064,3,2,0,1,0,1,19,2001
143-060-05,95000,884,3,1,45,1,0,1,26,2001
147-064-10,129950,1648,4,2,22,1,0,1,20,2001
147-295-11,85000,1020,3,1,7,1,0,1,1,2001
149-270-11,62000,1237,2,1,86,1,0,1,23,2001
151-073-07,68500,976,2,1,76,1,0,1,9,2001
157-060-10,100000,1557,3,2,33,1,0,1,29,2001
157-230-20,139500,1310,4,2,0,1,0,1,19,2001
157-242-01,135000,1310,4,2,0,1,0,1,19,2001
161-230-47,231000,1869,3,2.5,11,2,0,1,13,2001
161-280-22,190000,1475,3,2,7,1,0,1,14,2001
161-280-54,235000,1857,4,3,7,2,1,1,16,2001
161-290-21,231000,1833,3,2.5,8,2,1,1,10,2001
161-300-44,212000,2045,3,2,7,1,1,1,4,2001
161-310-33,208000,1600,6,2,3,1,0,1,18,2001
161-320-15,285950,2764,4,3,4,2,0,1,12,2001
161-360-05,250000,1769,3,2,8,1,0,1,14,2001
161-410-12,187000,1372,3,2,7,1,0,1,8,2001
161-440-02,213000,1468,4,2,7,1,0,1,23,2001
161-447-24,179000,1079,3,2,7,1,0,1,18,2001
161-470-29,245950,2040,4,3,5,2,0,1,5,2001
161-470-46,245000,2040,4,3,4,2,0,1,29,2001
161-470-51,110000,1612,4,2,4,1,0,1,17,2001
161-480-04,185000,1070,3,2,4,1,0,1,23,2001
161-540-06,215000,1598,3,2,2,1,0,1,26,2001
161-580-26,238900,1645,3,2,3,1,0,1,21,2001
161-590-42,240600,1592,4,2,4,1,0,1,18,2001
161-590-68,250000,2243,4,2.5,3,1,0,1,14,2001
161-600-43,289000,2500,4,3,3,2,0,1,26,2001
163-460-06,169500,1422,4,2,10,1,0,1,29,2001
163-460-38,148000,1311,3,2,10,1,0,1,29,2001
163-491-21,175000,1466,4,2,10,1,0,1,22,2001
163-492-02,137000,1040,3,2,10,1,1,1,10,2001
163-504-14,159000,1796,4,2.5,9,2,0,1,16,2001
177-200-34,105000,1265,3,2,0,1,0,1,17,2001
179-320-02,135000,1041,3,2,3,1,0,1,23,2001
179-370-10,124000,846,2,1,3,1,0,1,9,2001
183-320-36,265000,1876,3,2,15,2,0,1,22,2001
187-070-19,285000,2325,3,2,29,1,0,1,9,2001
111-220-29,115000,1013,2,1,51,1,1,1,4,2001
125-130-38,164000,1024,3,1,76,1,1,1,30,2001
157-192-13,104000,1014,3,1.5,31,1,1,1,18,2001
068-030-21,234000,1766,3,2,8,1,0,10,24,2001
068-030-28,245000,1615,4,2,9,1,1,10,16,2001
068-030-57,200000,1766,3,2,8,1,0,10,24,2001
068-050-48,186000,1420,3,2,6,1,0,10,11,2001
068-090-60,249900,2032,4,2.5,1,2,0,10,7,2001
070-180-09,239000,1971,4,2,9,1,0,10,23,2001
070-220-03,235000,1824,3,2,3,1,0,10,14,2001
070-240-54,235000,1824,3,2,4,1,0,10,5,2001
070-250-31,182000,1422,3,2,3,1,0,10,1,2001
071-383-18,240000,2188,4,3,8,2,1,10,20,2001
072-320-39,165000,1519,3,2,24,1,1,10,1,2001
075-180-28,185000,1650,3,2,32,1,0,10,29,2001
078-290-24,169000,1404,3,2,13,1,1,10,30,2001
079-205-07,145000,1661,4,2,31,1,0,10,26,2001
080-330-29,185000,1400,4,2,18,1,0,10,22,2001
081-153-18,145000,1432,3,1.5,40,1,0,10,5,2001
081-300-12,146000,1031,3,2,45,1,0,10,7,2001
081-401-15,137500,1150,3,1,47,1,1,10,25,2001
081-422-12,148250,1104,3,1,48,1,1,10,30,2001
081-490-42,164000,1505,3,2,11,1,0,10,30,2001
086-430-07,230000,1373,2,1,62,1,0,10,2,2001
088-320-16,244000,2678,5,3,12,2,0,10,15,2001
088-360-27,225000,2678,5,3,12,2,0,10,5,2001
088-370-27,199000,1634,3,2.5,11,2,0,10,10,2001
092-350-17,269000,2177,5,3,1,2,0,10,9,2001
093-040-32,347000,2000,4,2,29,1,0,10,15,2001
094-350-37,219000,1973,4,3,11,2,1,10,26,2001
094-360-14,225000,1973,4,3,11,2,0,10,3,2001
096-060-30,157500,1900,3,2.5,16,1,0,10,24,2001
096-230-07,199900,1630,4,2.5,8,1,0,10,31,2001
096-240-33,181450,1498,4,2,6,1,0,10,21,2001
096-290-40,170000,1307,3,2,3,1,0,10,20,2001
097-560-52,275000,2330,5,4,25,2,0,10,26,2001
098-392-39,400000,2473,4,2.5,28,1,1,10,15,2001
102-190-18,262500,1839,3,2.5,41,1,0,10,9,2001
108-190-59,177500,2000,3,2.5,20,2,0,10,8,2001
111-041-17,128500,1480,3,2,51,1,0,10,9,2001
111-054-12,145000,1064,3,1,50,1,0,10,1,2001
111-322-31,130000,1510,4,1.5,50,1,0,10,1,2001
112-100-06,305000,2470,3,2.5,18,1,1,10,18,2001
112-290-53,315000,2685,5,3,0,2,1,10,9,2001
115-114-02,115000,858,2,1,50,1,1,10,29,2001
115-169-02,97500,970,2,2,71,1,1,10,12,2001
115-181-07,135000,1014,3,1,50,1,1,10,29,2001
115-220-03,204000,2277,3,2,30,2,1,10,4,2001
117-050-18,105000,960,2,1,62,1,1,10,1,2001
117-223-08,98000,1036,2,1,78,1,0,10,4,2001
117-242-15,111000,1373,3,1,55,1,0,10,15,2001
118-310-19,235000,1604,3,2.5,9,2,0,10,25,2001
118-330-03,225000,1731,3,2,18,1,0,10,8,2001
119-190-07,105500,1140,2,1.5,71,2,0,10,24,2001
121-142-09,183500,1638,3,2,40,1,0,10,8,2001
121-142-17,152500,1228,3,2,39,1,1,10,26,2001
123-053-04,131700,1032,3,1,43,1,1,10,17,2001
123-100-24,123000,1189,2,1,65,1,1,10,17,2001
123-211-14,118936,1000,2,1,54,1,0,10,24,2001
123-222-27,120000,950,2,1,52,1,1,10,24,2001
125-310-23,124000,816,2,1,74,1,1,10,8,2001
127-134-05,158750,1532,2,1,88,1,0,10,18,2001
135-030-10,186000,1947,4,2,66,2,1,10,15,2001
141-205-11,125000,992,2,1,59,1,0,10,16,2001
141-214-05,124000,1218,3,1,45,1,0,10,28,2001
143-127-07,90000,891,2,1,37,1,0,10,9,2001
161-270-12,197000,1440,3,2,8,1,0,10,2,2001
161-550-45,259000,2533,4,3,3,1,0,10,17,2001
163-080-27,86000,1088,3,1,31,1,0,10,14,2001
167-103-05,85000,1011,3,1,51,1,0,10,1,2001
177-164-08,101900,960,2,1,25,1,1,10,23,2001
181-120-27,250000,1421,3,1.5,28,1,0,10,1,2001
097-281-11,147000,1103,3,1,49,1,1,10,18,2001
123-174-06,165000,1309,3,1,61,1,1,10,16,2001
068-180-34,229900,1880,4,2,2,1,0,11,19,2001
068-230-12,235600,1883,3,2.5,2,2,0,11,19,2001
070-220-68,249950,2050,4,3,5,1,0,11,21,2001
070-250-08,285000,2757,4,3,2,2,0,11,13,2001
072-260-01,212000,1763,3,2.5,14,2,1,11,10,2001
075-180-22,175000,1603,4,2,34,1,1,11,30,2001
080-350-07,189000,1708,3,2.5,16,2,0,11,3,2001
088-370-52,230000,2094,5,3,11,1,0,11,30,2001
088-380-23,264000,2534,5,4,8,2,0,11,17,2001
090-053-09,149000,1400,3,2,27,1,0,11,10,2001
094-310-57,180000,1943,4,2.5,11,1,0,11,2,2001
096-180-40,178900,1522,4,2.5,11,2,0,11,2,2001
097-000-00,185000,1400,2,2,53,1,0,11,24,2001
098-020-36,407500,2587,4,2.5,24,1,0,11,17,2001
098-090-02,365000,2362,4,3,23,2,0,11,7,2001
098-380-18,297000,1980,4,2,27,1,0,11,3,2001
102-250-08,240000,2160,3,2.5,43,1,0,11,26,2001
109-201-17,110000,1095,3,1,49,1,0,11,8,2001
110-240-17,137000,1184,2,1,54,1,0,11,12,2001
115-181-02,128350,1014,3,1,50,1,1,11,8,2001
116-360-42,340000,3400,5,3,0,2,0,11,21,2001
117-120-17,99000,1160,2,1,55,1,1,11,14,2001
117-120-28,135000,1278,2,1,53,1,1,11,5,2001
117-225-08,135000,1281,3,1,60,1,0,11,27,2001
118-350-27,202500,1731,3,2,17,1,0,11,2,2001
125-270-19,132000,1313,2,1,81,1,0,11,20,2001
127-215-07,115000,1637,3,1,74,1,0,11,20,2001
133-260-04,133000,1200,3,2,41,1,0,11,5,2001
133-420-03,110000,1255,3,1,75,1,1,11,19,2001
135-401-10,144500,1100,2,1,59,1,0,11,19,2001
151-042-26,75000,1270,3,1,86,1,1,11,18,2001
151-044-21,115000,1335,2,1,88,1,1,11,28,2001
159-034-05,149000,2043,6,3,56,1,0,11,9,2001
161-320-06,216000,2223,4,3,11,2,1,11,7,2001
161-350-24,229000,1769,4,2,7,1,0,11,27,2001
161-440-22,193900,1269,3,2,7,1,0,11,19,2001
161-560-06,220000,2407,3,2.5,2,2,1,11,26,2001
163-430-09,195000,1642,3,2,8,1,1,11,26,2001
163-510-06,165000,1229,3,2,10,1,0,11,10,2001
163-570-38,169000,1229,3,2,9,1,0,11,8,2001
167-170-18,58500,720,2,1,59,1,0,11,27,2001
173-250-07,139950,1120,3,2,14,1,0,11,1,2001
179-320-17,154000,1000,3,2,2,1,0,11,12,2001
068-090-44,268000,2550,4,3,1,2,0,12,10,2001
070-290-12,249950,1900,3,2,1,1,1,12,7,2001
078-340-15,169000,1655,3,2,17,1,0,12,16,2001
079-113-23,165450,1433,3,2,31,1,0,12,7,2001
079-120-01,165000,1607,3,2,33,1,1,12,22,2001
081-342-02,93000,925,2,1,47,1,0,12,1,2001
090-051-24,142000,1400,3,2,26,1,0,12,10,2001
096-160-07,229000,2199,4,3,11,2,0,12,4,2001
096-220-80,230950,2184,4,2.5,7,2,0,12,28,2001
097-082-04,138000,1254,3,1,47,1,1,12,30,2001
103-040-28,435000,2191,4,2,12,1,0,12,10,2001
112-070-43,250000,2027,3,2.5,19,2,0,12,4,2001
113-070-12,158000,1304,3,1.5,50,1,0,12,1,2001
133-042-17,105000,744,2,1,59,1,1,12,15,2001
135-042-02,124000,956,2,1,75,1,1,12,10,2001
135-241-09,121500,974,2,1,78,1,0,12,31,2001
135-242-05,121000,1062,2,1,70,1,0,12,19,2001
153-260-29,115000,1066,2,1,55,1,0,12,11,2001
157-140-40,160000,742,2,1,60,1,0,12,15,2001
157-183-07,111500,1000,3,1.5,30,1,0,12,1,2001
157-200-13,95000,1280,4,2,30,1,1,12,21,2001
159-070-30,52000,825,2,1,61,1,1,12,10,2001
161-370-15,247990,2047,4,3,10,2,1,12,11,2001
167-082-28,69000,1008,2,1,81,1,0,12,18,2001
068-030-19,215000,1885,4,2,8,1,1,2,14,2001
068-030-23,210000,1428,3,2,9,1,0,2,6,2001
068-050-44,191500,1420,3,2,5,1,0,2,12,2001
068-090-14,300000,2555,5,3,1,2,0,2,6,2001
068-250-03,235000,1880,3,2,1,1,0,2,20,2001
070-020-21,242000,1994,3,2,10,1,0,2,23,2001
070-160-02,209000,1614,3,2,7,1,0,2,16,2001
070-190-16,195000,1385,3,2,7,1,0,2,14,2001
070-240-07,195000,1465,3,2,4,1,0,2,3,2001
070-270-26,352000,2700,4,3,2,2,0,2,21,2001
070-280-06,235000,2003,4,2.5,2,2,0,2,3,2001
072-060-09,180600,1655,3,2,23,1,0,2,23,2001
072-110-47,135000,1427,3,2,13,1,0,2,27,2001
077-181-08,172500,1872,4,2,43,1,1,2,1,2001
077-225-03,190000,1517,3,2,51,1,0,2,26,2001
078-370-16,181800,2037,4,2.5,12,1,0,2,22,2001
079-152-25,109100,1175,3,2,36,1,1,2,15,2001
079-220-21,138000,1477,3,2,37,1,1,2,28,2001
079-342-06,140000,1478,3,2,36,1,0,2,22,2001
079-390-30,144500,1472,3,2,29,1,0,2,18,2001
079-420-20,125500,1153,3,2,25,1,0,2,27,2001
080-090-12,165000,1552,3,2,21,1,1,2,21,2001
080-200-20,120000,995,2,1,50,1,1,2,12,2001
080-410-20,190000,1503,3,2,11,1,0,2,26,2001
080-430-87,182000,1518,3,2,11,1,0,2,11,2001
081-030-09,118000,1451,3,2,28,1,1,2,2,2001
081-151-07,119500,1152,3,2,38,1,0,2,8,2001
081-225-25,135000,1633,3,2,38,1,0,2,8,2001
082-090-36,142500,1542,3,2,26,1,1,2,12,2001
082-100-73,180500,2002,4,3,26,1,0,2,1,2001
082-150-37,163000,1634,4,2,26,1,0,2,14,2001
085-400-11,495000,3996,4,3.5,12,2,0,2,28,2001
086-530-26,350000,2555,3,2.5,16,1,0,2,28,2001
087-060-39,315000,2716,4,3,12,1,0,2,19,2001
088-080-29,126500,1434,3,2,21,1,0,2,5,2001
088-110-18,131000,1852,3,2,22,1,0,2,3,2001
088-320-22,178500,1634,3,2.5,12,1,0,2,24,2001
088-340-26,175000,1563,3,2,12,1,0,2,21,2001
088-370-68,158000,1545,3,2,11,1,1,2,26,2001
090-080-47,123000,1154,3,2,22,1,1,2,3,2001
090-110-36,114950,1146,3,2,22,1,0,2,7,2001
090-150-43,125000,1100,3,2,20,1,0,2,21,2001
090-150-44,109950,816,2,1,20,1,1,2,19,2001
090-310-41,119950,1154,3,2,19,1,1,2,5,2001
090-390-21,148000,1443,4,2,16,1,1,2,20,2001
090-390-28,138500,1408,3,2,13,1,0,2,2,2001
090-550-39,190000,1742,3,2.5,9,2,1,2,20,2001
091-390-05,230000,1725,3,2,15,1,0,2,19,2001
092-100-16,212000,1662,3,2,45,1,0,2,16,2001
092-250-11,198000,2091,4,2,6,1,0,2,14,2001
092-280-48,189900,1777,4,3,4,2,0,2,20,2001
092-350-20,232000,2100,4,3,1,2,0,2,20,2001
094-300-22,148000,1385,3,2,11,1,1,2,23,2001
094-300-77,140000,1293,3,2,12,1,1,2,14,2001
096-070-26,140000,1386,3,2.5,15,2,0,2,8,2001
096-130-56,270000,2417,4,3,12,1,0,2,18,2001
096-180-30,164000,1522,3,2.5,11,2,1,2,6,2001
096-190-41,187950,1315,3,2,7,1,1,2,28,2001
096-220-87,148000,1264,3,2,7,1,0,2,6,2001
096-230-36,153000,1346,3,2,6,1,0,2,24,2001
096-290-14,175000,1470,3,2,2,1,1,2,13,2001
097-070-08,195000,1558,3,2,43,1,0,2,23,2001
097-203-30,139000,1176,3,1,49,1,0,2,23,2001
097-205-05,137000,1176,3,1,49,1,1,2,16,2001
097-220-35,127000,898,2,1,50,1,0,2,26,2001
097-350-31,160000,1108,2,1,50,1,0,2,24,2001
100-250-48,182500,1362,3,2,36,1,0,2,14,2001
102-040-05,124950,1128,3,2,40,1,0,2,13,2001
102-182-39,179950,1700,3,2,44,1,1,2,13,2001
102-260-11,153000,1078,3,1,46,1,1,2,4,2001
104-120-62,165000,1685,3,2,36,1,0,2,24,2001
108-260-48,177500,1785,3,2,15,1,0,2,10,2001
109-150-18,130000,1282,4,2,28,1,0,2,9,2001
109-172-08,119950,1100,3,1,50,1,0,2,26,2001
109-350-22,172500,2000,4,4,2,1,0,2,28,2001
110-310-13,161500,1489,3,2,14,1,0,2,12,2001
111-020-43,200000,1848,3,2,12,1,1,2,7,2001
111-051-19,164730,1622,3,2,51,1,0,2,19,2001
111-053-07,129900,1307,2,1,50,1,0,2,28,2001
111-280-12,125000,1165,4,2,46,1,0,2,28,2001
111-410-02,105100,813,2,1,52,1,1,2,15,2001
113-042-03,165000,1282,3,1,57,1,0,2,1,2001
113-222-04,145000,978,2,1,77,1,1,2,7,2001
113-250-10,220000,1825,3,1.5,61,1,0,2,21,2001
115-090-41,124000,1000,3,1,50,1,0,2,23,2001
115-100-10,117950,858,2,1,51,1,0,2,23,2001
115-123-28,114950,852,2,1,54,1,1,2,4,2001
115-155-11,110000,1276,3,2,69,1,0,2,28,2001
115-170-43,150000,1678,3,2,54,1,0,2,10,2001
115-200-42,162000,1530,3,2,51,1,0,2,24,2001
115-241-09,120000,1087,2,2,54,1,0,2,22,2001
116-350-40,240700,1739,3,2.5,3,2,0,2,12,2001
116-360-43,399950,4050,4,3,1,2,0,2,20,2001
118-310-25,190000,1186,3,2,9,1,0,2,21,2001
119-035-03,81750,832,2,1,59,1,0,2,5,2001
119-180-29,88000,1085,2,1,12,1,0,2,5,2001
121-050-27,175000,1685,3,2,21,1,1,2,27,2001
123-030-08,91000,908,3,1,42,1,1,2,8,2001
123-161-02,120000,992,2,1,53,1,1,2,19,2001
123-231-38,140000,1340,2,1,65,1,1,2,12,2001
123-242-22,141500,1258,3,2,64,1,1,2,23,2001
125-040-28,285000,1602,4,3,31,2,1,2,17,2001
125-170-08,121000,1272,2,1,83,1,0,2,26,2001
127-045-03,107000,1844,4,2,85,2,1,2,8,2001
127-120-29,63000,867,2,1,81,1,1,2,15,2001
127-217-04,97000,1166,3,1,75,1,0,2,19,2001
133-150-09,111000,1128,3,1,59,1,0,2,20,2001
133-290-19,129000,973,2,1,62,1,0,2,9,2001
135-160-45,134000,1076,2,1.5,77,1,0,2,12,2001
135-241-08,102000,1110,2,1,55,1,0,2,28,2001
135-244-05,109700,990,2,1,75,1,0,2,15,2001
135-422-02,70000,745,1,1,80,1,1,2,22,2001
137-020-06,135000,1272,2,1,76,1,1,2,15,2001
137-091-16,127000,1174,2,1,84,1,0,2,15,2001
137-110-22,180000,2463,5,2.5,91,2,1,2,11,2001
137-152-08,135000,1534,4,2,93,2,0,2,12,2001
139-056-13,140000,2961,6,3.5,93,1,0,2,23,2001
141-082-07,54500,759,2,1,75,1,0,2,1,2001
141-236-08,127500,1363,3,2,53,1,0,2,5,2001
143-090-03,140000,1227,4,2,0,1,0,2,8,2001
151-072-07,64000,1046,2,1,81,1,0,2,6,2001
155-100-22,92000,1059,3,1,63,1,0,2,6,2001
157-251-04,96000,896,2,1,21,1,0,2,2,2001
161-230-50,227000,1869,4,2.5,11,2,1,2,5,2001
161-270-44,237500,1832,3,2,11,1,0,2,27,2001
161-330-39,215000,1700,3,2.5,8,2,1,2,3,2001
161-370-13,285500,2359,4,3,11,2,0,2,24,2001
161-390-40,232950,1556,3,3,9,2,0,2,14,2001
161-470-65,237500,1948,4,2.5,5,2,0,2,23,2001
161-480-13,205000,1510,4,2,4,1,0,2,8,2001
161-530-30,235000,2610,5,3,0,2,0,2,26,2001
161-550-28,223900,1492,3,2,4,2,0,2,11,2001
161-570-33,220000,1776,4,2.5,4,1,0,2,10,2001
161-570-77,217000,1490,4,2,3,1,0,2,5,2001
161-580-31,230000,1465,3,2,3,1,0,2,14,2001
161-590-31,211007,1324,3,2,3,1,0,2,12,2001
161-600-29,231000,1781,3,2.5,3,1,0,2,14,2001
161-620-29,225000,1726,3,2.5,3,2,0,2,18,2001
161-650-13,240000,1800,3,2,1,1,0,2,12,2001
161-680-23,240000,1598,3,2,1,1,0,2,14,2001
163-270-02,132000,1140,3,2,14,1,0,2,26,2001
163-530-40,201000,1777,4,3,8,2,0,2,28,2001
163-560-10,187000,1556,3,2.5,8,1,1,2,4,2001
163-590-02,165000,1440,3,2,7,1,0,2,26,2001
163-670-09,158000,1128,3,2,5,1,0,2,26,2001
163-700-13,134950,1085,2,1,5,1,0,2,22,2001
163-720-30,143000,981,3,1,3,1,0,2,7,2001
165-053-01,92900,936,3,1,51,1,0,2,14,2001
165-161-10,115000,1097,3,2,22,1,1,2,27,2001
169-154-24,75000,1072,3,1,52,1,1,2,1,2001
173-230-27,95000,990,3,1,41,1,1,2,12,2001
173-360-39,132000,1365,3,2,13,1,1,2,28,2001
173-400-58,114000,1227,3,2,10,1,0,2,10,2001
179-172-41,147500,1384,3,2,52,1,0,2,1,2001
179-320-35,152000,1642,3,2,7,1,1,2,25,2001
179-350-60,140000,1000,3,2,6,1,0,2,12,2001
183-020-09,380000,3600,4,3.5,38,2,0,2,15,2001
186-020-25,430000,2600,3,2.5,11,1,0,2,16,2001
188-020-25,430000,2600,3,2.5,11,1,0,2,16,2001
123-110-03,117750,795,2,1,55,1,1,2,23,2001
068-030-39,215000,1428,3,2,8,1,0,3,30,2001
068-060-02,209950,1465,3,2,7,1,0,3,6,2001
068-200-02,280000,2182,4,3,5,2,1,3,26,2001
068-230-52,210000,1422,3,2,2,1,0,3,19,2001
068-230-54,215000,1422,3,2,2,1,0,3,8,2001
068-240-02,219000,1557,4,3,1,2,0,3,6,2001
068-280-29,249950,1928,4,2,1,1,0,3,25,2001
068-290-08,205000,1542,3,2,1,1,0,3,9,2001
070-150-09,239900,1776,4,2,7,1,0,3,19,2001
070-250-17,289000,2533,5,3,3,2,0,3,20,2001
071-230-10,152000,1059,2,2,17,1,1,3,25,2001
071-230-30,246000,1487,3,2,18,1,0,3,12,2001
071-372-03,310000,2690,4,3,11,2,0,3,1,2001
071-400-51,354900,2888,4,3,8,1,0,3,21,2001
071-400-72,234950,1851,3,2,9,1,0,3,23,2001
072-050-71,235000,2338,4,2.5,23,2,0,3,17,2001
072-140-05,190000,1866,4,2,23,1,0,3,26,2001
072-230-32,201200,1511,3,2,18,1,0,3,26,2001
072-260-42,199950,1877,3,2,21,1,0,3,12,2001
072-320-36,182000,1697,3,2,23,1,0,3,3,2001
072-330-35,230613,2336,4,2,23,1,1,3,14,2001
075-033-22,195000,1808,3,2,43,1,0,3,29,2001
077-041-08,185000,1653,3,2,40,1,1,3,19,2001
077-070-19,201000,1624,3,2,36,1,1,3,4,2001
077-172-21,300000,2476,3,2.5,44,1,0,3,3,2001
077-184-02,272500,2000,3,3,38,1,0,3,23,2001
077-200-09,146000,1168,3,2,45,1,0,3,25,2001
077-200-16,192000,2230,4,3,45,1,1,3,3,2001
078-210-14,170000,1485,3,2,22,1,0,3,2,2001
078-410-40,239500,2030,4,2.5,15,2,0,3,2,2001
079-051-13,131000,1026,3,1,41,1,1,3,12,2001
079-070-07,146000,1424,3,2,34,1,1,3,20,2001
079-100-21,140000,1152,3,2,28,1,0,3,30,2001
079-250-09,152500,1686,3,2,36,1,0,3,13,2001
079-325-09,138300,1233,3,2,40,1,0,3,13,2001
080-090-23,185000,1866,3,2,21,1,1,3,19,2001
081-070-18,139950,1400,3,2,32,1,0,3,9,2001
081-134-02,150000,1436,3,2,42,1,0,3,17,2001
081-224-22,135500,1111,3,2,31,1,1,3,1,2001
081-226-02,139950,1104,3,2,38,1,1,3,23,2001
081-235-03,163600,1680,4,2,33,1,0,3,27,2001
081-344-06,108000,1206,3,2,48,1,1,3,2,2001
081-344-10,135000,1350,3,2,47,1,0,3,13,2001
081-346-02,130000,1132,3,1,46,1,0,3,12,2001
081-421-28,167000,1611,3,2,49,1,0,3,27,2001
082-080-26,195000,2309,4,2.5,23,2,0,3,5,2001
082-080-43,199662,2084,4,2.5,23,2,0,3,8,2001
082-180-10,170500,1913,4,2,27,1,0,3,23,2001
082-190-19,155000,1426,3,2,25,1,0,3,23,2001
088-052-04,160000,1821,3,2,21,1,0,3,6,2001
088-070-28,131950,1156,3,2,23,1,0,3,30,2001
088-212-22,185750,1915,4,2.5,26,2,0,3,25,2001
088-234-15,150000,1799,4,2,28,2,1,3,9,2001
088-320-38,234000,2525,4,3,11,1,0,3,12,2001
088-390-56,200000,2366,5,3,5,1,0,3,6,2001
090-060-40,129000,1202,4,1.5,25,1,1,3,12,2001
090-220-10,152000,1335,3,2,21,1,0,3,21,2001
090-220-11,145000,1158,3,2,21,1,0,3,24,2001
090-310-23,145000,1136,3,2,19,1,1,3,27,2001
090-310-28,134000,1154,3,2,19,1,0,3,5,2001
090-310-69,133000,1154,3,2,19,1,0,3,12,2001
090-320-38,124600,1132,3,2,23,1,0,3,6,2001
090-520-33,146200,1069,3,2,11,1,0,3,1,2001
091-230-09,224000,1733,3,2,26,1,0,3,20,2001
091-380-22,285000,2228,4,2,13,2,0,3,8,2001
092-240-45,192000,1446,3,2,6,1,0,3,6,2001
093-040-27,265500,1700,3,2,17,1,0,3,8,2001
094-290-01,162950,1680,4,2,12,1,0,3,2,2001
094-320-60,174900,1678,3,2.5,12,2,0,3,15,2001
096-070-08,156150,1386,3,2.5,14,2,1,3,12,2001
096-070-37,155000,1386,3,2.5,15,2,0,3,25,2001
096-080-09,139000,1000,3,2,13,1,0,3,2,2001
096-110-24,206000,2000,4,2.5,12,2,0,3,28,2001
096-150-50,132100,1095,3,2,10,1,1,3,6,2001
096-180-52,159000,1417,3,2.5,11,1,0,3,26,2001
096-250-01,226555,1640,3,2.5,6,1,1,3,12,2001
096-300-21,194950,1470,4,2,2,1,0,3,30,2001
097-140-14,199000,1513,3,2,47,1,1,3,7,2001
097-163-16,122000,1095,3,1,49,1,0,3,26,2001
097-282-23,135000,1103,3,1,49,1,1,3,19,2001
097-310-01,95000,1097,3,1,49,1,0,3,20,2001
097-401-07,268000,2367,3,2,46,1,1,3,13,2001
098-060-20,191610,1722,3,2,24,1,0,3,6,2001
100-073-17,110000,901,2,1,29,1,0,3,30,2001
100-121-06,132000,1515,3,2,27,1,0,3,16,2001
100-210-22,263000,2123,4,3,28,1,0,3,16,2001
100-280-38,234950,1717,3,2,29,1,0,3,16,2001
100-340-01,305000,2314,4,2.5,14,2,0,3,1,2001
103-100-43,135000,840,3,1,39,1,0,3,19,2001
104-020-11,155000,1647,3,2.5,16,2,0,3,23,2001
104-120-34,148000,1924,3,2,35,1,0,3,1,2001
104-240-10,136000,1232,3,2,39,1,0,3,26,2001
108-100-36,255000,2158,3,2,47,1,1,3,2,2001
108-260-72,265000,2532,5,3,24,2,0,3,24,2001
109-060-13,190650,1695,3,2,28,1,0,3,17,2001
109-202-07,121500,870,2,1,49,1,0,3,12,2001
109-242-01,148000,1546,4,2,50,1,0,3,24,2001
109-270-14,160700,1362,3,2,41,1,0,3,20,2001
109-281-22,189950,1300,3,2,37,1,0,3,28,2001
109-320-11,155000,1410,3,1.5,48,1,0,3,28,2001
109-340-24,135000,1014,3,1,50,1,0,3,30,2001
111-030-25,135000,1064,3,1,47,1,0,3,24,2001
111-280-25,124000,1165,4,2,45,1,0,3,9,2001
112-110-29,259950,2100,3,2,21,1,0,3,12,2001
113-084-10,290000,1843,3,3,53,2,0,3,26,2001
113-211-10,189900,1464,3,1,74,1,0,3,23,2001
113-340-33,184000,2024,3,2,54,2,0,3,7,2001
113-361-09,212000,1875,3,2,65,2,1,3,22,2001
113-361-10,196000,1605,3,1,69,1,1,3,26,2001
115-090-45,118000,868,2,1,51,1,0,3,14,2001
115-320-09,99000,1601,3,1,58,1,0,3,16,2001
116-100-24,192500,1217,2,2,6,1,0,3,28,2001
116-340-07,304900,2095,3,3,4,2,0,3,17,2001
116-390-21,229950,1461,3,3,3,2,0,3,31,2001
117-120-15,114500,1005,3,1,53,1,0,3,28,2001
117-130-34,109000,1409,3,1,54,1,0,3,2,2001
118-040-01,197000,1374,3,2,21,1,0,3,5,2001
118-040-14,221000,1721,3,2,22,1,0,3,4,2001
118-050-29,285100,2374,5,3,21,1,0,3,16,2001
118-070-49,355000,1955,2,2,4,1,0,3,26,2001
118-190-25,494000,2702,3,2.5,6,1,0,3,13,2001
118-300-55,299000,1927,3,2.5,5,1,0,3,1,2001
119-140-09,105000,1064,3,2,0,1,0,3,15,2001
119-190-63,105000,1064,3,2,0,1,0,3,15,2001
119-190-67,105000,1064,3,2,0,1,0,3,15,2001
123-080-06,135000,847,2,1,54,1,0,3,19,2001
123-090-23,148000,1408,3,1.5,41,1,1,3,23,2001
123-171-07,134950,1172,3,1,45,1,0,3,10,2001
123-232-31,120000,901,2,1,62,1,0,3,15,2001
125-180-37,130000,1109,3,1,81,1,0,3,8,2001
125-260-22,76500,800,2,1,81,1,0,3,22,2001
125-270-12,139000,964,2,1,77,1,0,3,24,2001
127-042-09,134950,1123,2,1,81,1,1,3,28,2001
127-180-01,109000,1204,2,1,90,1,0,3,25,2001
133-080-11,53000,1130,3,1,53,1,0,3,14,2001
133-300-21,170000,2007,4,2,63,1,0,3,11,2001
133-450-37,105000,900,2,1,64,1,0,3,29,2001
133-490-09,183950,1826,3,2,19,2,1,3,22,2001
135-042-32,155900,1668,3,2,75,1,0,3,13,2001
135-070-03,143000,1350,3,1.5,71,1,0,3,1,2001
135-070-18,145000,1132,3,1,81,1,0,3,7,2001
135-190-02,207500,1936,3,1.5,64,2,1,3,28,2001
135-190-34,215000,1588,3,1,79,1,0,3,28,2001
135-230-46,129950,1254,2,1,77,1,0,3,2,2001
135-380-08,126000,1118,2,1,79,1,0,3,14,2001
137-093-12,95000,1400,2,1,90,1,0,3,21,2001
137-170-25,111500,1952,4,1.5,94,2,0,3,5,2001
139-030-38,178000,2423,4,2.5,96,1,0,3,20,2001
143-121-13,50000,927,2,1,81,1,0,3,30,2001
147-250-35,57000,1250,2,1,84,1,0,3,24,2001
151-275-11,55000,2163,4,2,81,2,0,3,19,2001
151-293-04,70000,1004,3,2,91,1,1,3,23,2001
151-333-02,91000,858,2,1,84,1,0,3,27,2001
153-210-40,69000,725,2,1,61,1,0,3,16,2001
153-270-09,128500,1184,3,2,34,1,0,3,17,2001
155-260-33,105000,1393,4,1.5,41,1,0,3,26,2001
155-350-34,75000,1047,2,1,72,1,1,3,19,2001
157-070-06,110000,960,3,1,33,1,0,3,8,2001
157-082-03,62000,720,2,1,61,1,0,3,7,2001
157-082-12,82000,887,2,1,50,1,1,3,9,2001
157-275-07,98000,947,3,1,48,1,0,3,29,2001
159-170-26,107000,1133,2,1,0,1,0,3,15,2001
159-370-22,109500,1024,3,1,20,1,0,3,20,2001
161-180-60,255000,2100,4,2.5,0,2,1,3,28,2001
161-240-18,213000,1475,4,2,8,1,0,3,5,2001
161-270-35,230000,1849,3,2.5,11,2,1,3,4,2001
161-270-63,215000,1556,3,2,11,1,1,3,9,2001
161-340-15,328350,2804,5,2.5,4,2,0,3,19,2001
161-370-29,219000,1489,3,2,11,1,0,3,17,2001
161-390-11,250000,2100,4,3,3,2,1,3,19,2001
161-402-18,199900,1788,3,2.5,7,1,0,3,22,2001
161-404-04,238900,2035,5,2.5,5,2,1,3,30,2001
161-420-28,228100,1650,3,2,7,1,1,3,10,2001
161-430-34,170000,1079,3,2,6,1,0,3,12,2001
161-440-29,185500,1269,3,2,7,1,0,3,8,2001
161-460-02,260000,2013,4,3,6,2,0,3,13,2001
161-470-40,251000,1612,4,2,4,1,1,3,14,2001
161-490-05,211007,1315,3,2,5,1,0,3,26,2001
161-500-30,242000,1668,3,2.5,6,2,0,3,5,2001
161-550-42,279000,1781,5,3,4,1,0,3,23,2001
161-580-19,242000,1905,4,3,2,2,0,3,14,2001
161-650-27,252000,2147,3,2.5,1,2,0,3,3,2001
163-120-56,122500,1134,3,1,47,1,0,3,4,2001
163-493-24,155000,1040,3,2,10,1,1,3,21,2001
163-530-32,179950,1357,4,2,5,1,0,3,27,2001
163-570-40,160000,1041,3,2,9,1,0,3,30,2001
163-580-17,155000,1310,3,2,8,1,0,3,15,2001
163-580-47,183000,1440,3,2,8,1,0,3,13,2001
163-630-13,164000,1556,3,2.5,8,1,0,3,2,2001
163-650-14,207000,1622,3,2.5,6,2,0,3,26,2001
163-660-08,190000,1599,3,2,3,1,0,3,30,2001
163-660-13,177000,1326,3,2,3,1,0,3,30,2001
163-670-29,176000,1188,3,2,6,1,0,3,10,2001
163-680-42,192500,1680,4,3,6,2,0,3,11,2001
163-710-38,191000,1680,4,3,5,2,0,3,14,2001
165-170-80,125000,1217,3,2,20,1,1,3,2,2001
165-303-05,135000,1310,4,2,0,1,0,3,26,2001
167-092-06,110000,1064,3,2,0,1,0,3,19,2001
169-072-01,110000,1008,3,1.5,21,1,0,3,29,2001
169-074-03,100000,1275,4,2,28,1,0,3,15,2001
169-224-11,94000,803,2,1,52,1,1,3,15,2001
171-350-05,127000,1092,3,2,9,1,1,3,24,2001
173-182-30,81500,835,2,1,24,1,1,3,25,2001
173-242-15,137500,1310,4,2,0,1,0,3,26,2001
173-420-18,145000,1349,3,2,11,1,0,3,9,2001
175-260-24,110000,1200,3,2,12,1,0,3,14,2001
179-360-07,142000,1000,3,2.5,3,1,0,3,7,2001
179-360-17,160000,1308,3,2,2,1,0,3,21,2001
179-370-39,135000,1000,3,2,2,1,0,3,2,2001
181-120-25,140000,1062,2,1,74,1,0,3,22,2001
135-223-10,125000,1181,3,1,71,1,1,3,1,2001
171-280-19,104000,1000,3,1.5,30,1,1,3,27,2001
059-160-62,175000,1422,4,1,80,1,0,4,20,2001
068-050-16,242000,1615,4,2,6,1,0,4,3,2001
068-050-33,214500,1428,3,2,7,1,1,4,9,2001
068-060-17,230000,1763,3,2.5,7,2,0,4,16,2001
068-230-02,239950,1407,3,2.5,3,2,0,4,13,2001
068-240-59,225000,1450,3,2.5,1,2,0,4,1,2001
071-320-02,291000,1827,3,2,15,1,0,4,25,2001
071-360-21,342000,2153,3,2.5,12,2,0,4,18,2001
071-400-26,233000,1851,3,2,11,1,0,4,27,2001
072-150-22,215000,2226,3,2.5,23,2,0,4,5,2001
072-260-10,190000,1870,4,2,20,1,1,4,6,2001
072-370-15,180000,1650,3,2,25,1,0,4,9,2001
075-160-22,143000,1196,3,2,30,1,0,4,17,2001
075-220-36,180000,1575,3,1.5,51,1,0,4,10,2001
077-160-05,405000,2500,4,2.5,16,1,0,4,27,2001
077-320-19,235000,1828,3,2.5,43,1,1,4,2,2001
078-090-60,249000,2188,4,2.5,14,2,0,4,21,2001
078-170-24,203000,1603,3,2,17,1,0,4,4,2001
078-230-01,175000,1433,3,2,22,1,1,4,15,2001
078-340-63,219950,2209,4,2.5,17,2,1,4,15,2001
079-120-04,145500,1237,3,2,33,1,0,4,9,2001
079-214-06,165000,1745,3,2,34,1,0,4,30,2001
079-250-21,159000,1580,3,2,37,1,0,4,10,2001
079-300-03,160000,1472,3,2,29,1,0,4,27,2001
079-310-07,172500,1854,3,2,33,1,0,4,20,2001
079-362-15,145950,1278,3,2,44,1,0,4,21,2001
079-390-53,158950,1426,3,2,29,1,0,4,13,2001
079-420-36,134000,1437,3,2,24,1,1,4,1,2001
080-030-50,184950,1552,3,2,21,1,0,4,24,2001
080-040-15,168868,1674,3,2,22,1,0,4,16,2001
080-050-05,185000,1698,3,2,22,1,0,4,16,2001
080-060-15,220000,2226,4,2.5,21,2,0,4,2,2001
080-210-10,157000,1666,3,2,23,1,0,4,12,2001
080-410-28,217100,1806,3,2,11,1,0,4,24,2001
080-420-43,189000,1518,3,2,9,1,0,4,4,2001
080-430-44,191500,1806,3,2,12,1,0,4,26,2001
080-440-29,225000,1833,3,2,8,1,0,4,13,2001
081-050-09,142000,1396,3,2,35,1,0,4,11,2001
081-060-51,143352,1590,3,2,33,1,0,4,13,2001
081-152-21,165000,1391,3,2,11,1,0,4,20,2001
081-225-33,146000,1320,3,2,36,1,0,4,13,2001
081-322-10,135000,1245,3,2,34,1,0,4,10,2001
081-334-27,163000,1536,3,1,46,1,0,4,23,2001
081-380-04,167000,1281,3,1.5,44,1,0,4,23,2001
081-421-07,189240,1735,3,1.5,41,1,0,4,30,2001
081-520-21,167000,1568,3,2,19,1,0,4,7,2001
082-100-53,325000,3926,4,3,25,1,0,4,20,2001
082-260-06,155000,1457,3,2,27,1,0,4,2,2001
088-100-10,156900,1458,3,2,22,1,1,4,9,2001
088-120-39,162000,1467,4,2,22,1,0,4,20,2001
088-220-17,145000,1307,3,2,22,1,0,4,6,2001
088-242-03,134000,1224,4,2,29,1,0,4,6,2001
088-290-28,145000,1465,2,2,18,1,0,4,13,2001
088-370-54,171500,1563,3,2,11,1,0,4,3,2001
088-380-32,229000,2207,4,3,11,2,0,4,25,2001
089-060-31,220000,1174,2,1.5,32,1,1,4,18,2001
090-100-51,138450,1154,3,2,22,1,0,4,16,2001
090-230-17,136000,1454,3,2,21,1,0,4,6,2001
090-260-30,137000,1158,3,2,22,1,0,4,18,2001
090-390-19,152000,1269,3,2,16,1,0,4,6,2001
090-520-25,161500,1455,4,2,11,1,0,4,11,2001
090-520-42,148000,1227,3,2,11,1,1,4,9,2001
092-050-02,150000,864,2,1,24,1,1,4,21,2001
092-270-19,152000,1350,3,2,2,1,0,4,8,2001
092-320-08,199500,1655,4,2,2,1,0,4,6,2001
094-080-32,169000,1448,3,2,20,1,0,4,9,2001
094-240-64,190000,1475,3,2,12,1,0,4,13,2001
094-290-32,164000,1680,4,2,12,1,0,4,25,2001
094-340-21,170000,1336,3,2,11,1,0,4,19,2001
096-070-46,149000,1383,3,2.5,14,2,0,4,5,2001
096-100-06,180750,1533,3,2,12,1,0,4,21,2001
096-110-28,210000,2041,4,2.5,12,2,0,4,27,2001
096-170-06,125000,1095,3,2,9,1,0,4,30,2001
096-200-23,239000,2641,5,3,11,2,0,4,4,2001
096-230-18,179950,1264,3,2,8,1,0,4,13,2001
096-240-26,141000,1070,3,2,6,1,0,4,23,2001
096-280-02,190300,1485,4,2.5,4,2,0,4,4,2001
096-300-19,194000,1490,3,2,2,1,0,4,10,2001
097-162-31,122500,898,2,1,49,1,0,4,4,2001
097-283-20,132000,914,2,1,51,1,0,4,20,2001
097-320-33,134000,1092,3,1,49,1,0,4,17,2001
097-360-32,250000,1981,3,1.5,50,1,0,4,17,2001
097-462-27,189950,1502,3,2,59,1,0,4,30,2001
098-350-52,365000,2448,4,3,29,2,0,4,23,2001
100-000-00,212000,1655,4,2,4,1,0,4,2,2001
100-020-13,165000,1290,3,2,27,1,0,4,4,2001
100-110-03,130000,1195,3,1.5,29,2,0,4,1,2001
102-060-46,127000,1967,5,3,36,1,0,4,9,2001
102-080-55,146000,1107,3,2,38,1,0,4,26,2001
102-183-21,210000,1797,2,2.5,43,1,0,4,4,2001
102-190-19,189900,1811,3,2,41,1,1,4,21,2001
102-300-16,155750,1288,3,2,41,1,0,4,11,2001
103-120-35,200000,1626,4,2,29,1,0,4,18,2001
104-230-33,95000,1025,2,2,19,1,1,4,1,2001
109-142-29,150780,962,3,1,49,1,0,4,27,2001
109-160-11,119500,870,2,1,50,1,0,4,16,2001
109-173-08,147500,1442,3,2,50,1,0,4,25,2001
111-090-32,127500,965,2,1,50,1,1,4,17,2001
111-270-16,110000,948,2,1,50,1,0,4,5,2001
111-334-06,129950,900,2,1,52,1,0,4,21,2001
112-290-05,295000,1623,2,2,21,1,0,4,14,2001
112-290-40,211000,1747,3,2,20,1,0,4,25,2001
113-044-13,229950,1848,3,2,50,1,0,4,13,2001
113-081-13,184000,1168,2,2,50,1,0,4,2,2001
113-082-04,210000,1466,3,2,53,1,0,4,11,2001
115-090-14,131000,1036,2,1,51,1,0,4,13,2001
115-210-22,168000,1700,4,2,50,1,0,4,12,2001
115-330-25,115000,1261,2,1,53,1,0,4,22,2001
115-330-53,99000,918,2,1,53,1,0,4,6,2001
116-050-17,245000,1633,2,2,9,1,1,4,21,2001
116-090-29,175000,1076,3,2,7,1,0,4,3,2001
116-390-15,211000,1461,3,3,4,2,0,4,4,2001
116-440-24,220000,1408,3,2.5,2,2,0,4,11,2001
117/222/17,65000,1040,2,1,80,1,0,4,10,2001
117-040-35,124000,1018,2,1,53,1,0,4,23,2001
117-181-29,129950,1492,3,1,83,1,0,4,7,2001
117-231-04,92000,733,2,1,13,1,0,4,11,2001
117-300-28,105000,1170,3,1,61,1,0,4,30,2001
117-330-07,78500,747,2,1,55,1,0,4,6,2001
118-070-18,400000,1705,2,2,5,1,0,4,21,2001
118-310-15,230000,1604,3,2.5,9,2,0,4,2,2001
119-220-08,110000,1919,3,1,53,1,0,4,15,2001
123-063-10,192500,1828,4,2,57,2,0,4,9,2001
123-192-18,135000,1400,3,1,53,1,0,4,13,2001
123-204-06,375000,1724,4,3,4,2,0,4,23,2001
125-230-07,131950,861,2,1,53,1,0,4,16,2001
125-230-19,132500,1099,2,1,54,1,0,4,30,2001
125-280-27,91700,900,2,1,75,1,0,4,2,2001
127-030-02,159900,1311,2,1,77,1,1,4,1,2001
127-030-29,111000,946,2,1,83,1,0,4,16,2001
127-100-39,128000,1289,3,1.5,87,2,1,4,2,2001
127-131-16,184500,2310,5,2,75,2,0,4,3,2001
133-160-28,129500,914,3,1,51,1,0,4,7,2001
133-350-04,93910,1182,4,2,63,1,1,4,25,2001
135-041-26,150000,1336,3,1,55,1,1,4,19,2001
135-441-04,114000,1472,3,1,76,1,0,4,18,2001
137-092-13,110000,1473,3,1,81,1,0,4,2,2001
143-180-17,74000,1054,2,1,39,1,0,4,12,2001
143-320-47,88500,880,2,1,55,1,0,4,27,2001
145-150-01,65000,900,2,1,41,1,0,4,8,2001
151-091-04,65000,1206,2,1,58,1,0,4,24,2001
153-160-10,58500,700,2,1,51,1,0,4,6,2001
153-270-24,75000,704,2,1,5,1,0,4,13,2001
157-321-22,126700,1306,3,2,54,1,0,4,9,2001
159-142-05,69000,775,2,1,31,1,1,4,23,2001
159-230-39,110000,1092,3,2,21,1,1,4,20,2001
159-330-14,60000,852,3,1,36,1,0,4,7,2001
159-390-08,139500,1324,3,2,5,1,0,4,9,2001
161-300-28,279000,2056,3,2.5,9,1,0,4,23,2001
161-330-21,239000,1964,4,2,11,1,0,4,25,2001
161-370-08,225000,1643,3,2,7,1,0,4,16,2001
161-390-77,263500,2100,5,3,3,2,0,4,12,2001
161-410-20,225000,1372,3,2,8,1,0,4,4,2001
161-440-01,199000,1269,3,2,7,1,0,4,27,2001
161-480-27,189000,1213,3,2,3,1,0,4,20,2001
161-480-38,225000,1421,3,2,3,1,0,4,4,2001
161-490-15,225000,1599,3,2,3,1,0,4,29,2001
161-590-63,215000,1425,3,2,3,1,0,4,27,2001
161-620-15,290000,2533,4,3,2,1,1,4,14,2001
162-560-15,245000,2000,3,2.5,2,2,0,4,30,2001
163-270-15,155000,1140,3,2,15,1,0,4,2,2001
163-430-15,185000,1788,3,2.5,7,2,0,4,13,2001
163-510-22,160000,1243,3,2,10,1,0,4,4,2001
163-510-24,173000,1041,3,2,10,1,0,4,25,2001
163-590-35,187000,1440,3,2,6,1,0,4,19,2001
163-610-22,170000,1232,4,2,8,1,0,4,29,2001
163-610-47,150000,1023,3,2,8,1,0,4,29,2001
163-610-55,173000,1023,3,2,8,1,0,4,18,2001
163-670-22,205850,1496,4,2.5,5,2,0,4,27,2001
163-720-66,160000,1128,3,2,4,1,0,4,24,2001
167-150-59,134000,1844,3,1.5,11,1,0,4,9,2001
171-133-18,98000,1602,4,2,42,1,1,4,27,2001
171-161-44,118500,1080,3,1,37,1,0,4,25,2001
171-280-28,65000,1000,3,1,30,1,1,4,23,2001
173-182-38,85000,1584,3,1,52,1,0,4,17,2001
175-040-14,66150,1178,3,2,36,1,1,4,20,2001
177-180-05,62000,950,2,1,47,1,0,4,19,2001
177-190-30,88750,1140,3,2,21,1,0,4,26,2001
177-250-21,122000,1311,4,2,23,1,0,4,2,2001
179-350-79,158500,1642,3,2,5,1,1,4,18,2001
179-360-25,151095,1000,3,2,3,1,0,4,2,2001
179-370-31,151000,1041,3,2,3,1,0,4,2,2001
183-320-43,255000,1721,3,2,13,1,1,4,2,2001
147-170-02,82000,1178,3,1,81,1,0,4,17,2001
151-093-01,83500,1201,3,1,71,1,1,4,27,2001
157-082-36,108000,1554,3,1,70,1,1,4,24,2001
169-213-01,105000,1301,4,2,53,1,0,4,27,2001
068-160-15,287950,2144,5,3,4,2,0,5,7,2001
068-230-16,224000,1600,4,2.5,1,2,0,5,8,2001
068-250-07,272000,2222,5,3,2,1,0,5,15,2001
068-300-31,300000,2999,5,3,1,2,0,5,29,2001
070-030-24,247500,2317,4,2.5,10,2,1,5,30,2001
070-240-51,243000,1691,3,2,3,1,0,5,22,2001
070-250-45,246000,1883,3,2.5,3,2,0,5,21,2001
070-290-49,202500,1477,3,2,1,1,0,5,4,2001
071-230-12,160000,959,2,2,17,1,0,5,5,2001
071-230-25,289600,1904,3,2.5,18,2,0,5,16,2001
071-310-15,248000,1826,3,2.5,14,2,0,5,3,2001
072-030-09,149950,1552,3,2,22,1,0,5,16,2001
072-050-03,182000,1698,3,2,23,1,0,5,29,2001
072-240-12,251000,2306,4,3,21,2,0,5,21,2001
072-340-08,175000,1380,3,2,28,1,0,5,2,2001
075-111-14,162167,1534,2,2,46,1,0,5,3,2001
075-160-19,155000,1242,3,2,30,1,1,5,18,2001
075-200-03,125000,919,3,1,51,1,0,5,21,2001
075-380-24,158500,1362,3,2,23,1,0,5,1,2001
077-160-02,412500,2886,3,2.5,37,1,0,5,8,2001
078-080-16,245000,2509,4,2.5,12,2,0,5,21,2001
078-120-23,206500,1507,3,2,14,1,0,5,25,2001
078-240-30,209950,2314,4,3,20,2,0,5,26,2001
078-270-67,143500,1490,3,2,19,1,1,5,24,2001
078-310-22,223500,2209,4,2.5,15,1,0,5,16,2001
079-030-20,136000,1168,3,2.5,45,1,0,5,31,2001
079-055-14,132000,1026,3,1,41,1,1,5,15,2001
079-113-05,138500,1211,3,2,31,1,0,5,24,2001
079-420-21,148000,1153,3,2,25,1,1,5,3,2001
080-150-09,179950,1667,3,2,18,1,1,5,25,2001
080-160-08,225000,2039,4,3,20,1,0,5,14,2001
080-290-25,193000,1372,2,2,48,1,0,5,2,2001
080-410-16,200000,1503,3,2,12,1,0,5,18,2001
080-430-81,225000,1806,3,2,9,1,0,5,12,2001
081-040-29,160500,1480,3,2,36,1,0,5,24,2001
081-110-22,175000,1652,4,2,33,1,0,5,26,2001
081-403-05,159900,1944,4,2,48,1,0,5,7,2001
081-403-10,162500,1104,3,1,47,1,0,5,9,2001
081-421-34,159000,1104,3,1,48,1,0,5,1,2001
081-510-40,155000,1492,3,2,17,1,0,5,25,2001
081-520-30,145000,1385,3,2,19,1,1,5,5,2001
082-170-36,177500,1457,3,2,26,1,0,5,2,2001
082-300-15,210000,1697,3,2,24,1,1,5,21,2001
085-160-04,240000,2168,3,2.5,53,2,1,5,1,2001
086-054-05,136000,1412,3,1,37,1,0,5,31,2001
087-060-27,169000,870,2,1,61,1,0,5,30,2001
087-100-24,290000,1685,3,3,48,1,1,5,3,2001
087-200-02,269500,1877,3,2,22,1,0,5,10,2001
088-030-12,190000,2041,4,3,20,1,0,5,18,2001
088-030-41,129900,1420,3,2,20,1,0,5,2,2001
088-100-33,143650,1190,3,2,22,1,0,5,16,2001
088-330-27,229950,2678,5,3,11,2,0,5,11,2001
088-350-24,226000,2678,5,3,12,2,0,5,25,2001
088-390-03,250000,2264,4,3,9,2,0,5,29,2001
089-180-31,272500,1837,4,2,34,1,0,5,21,2001
089-210-16,189950,1555,3,1,91,1,0,5,17,2001
090-030-43,140000,1118,3,2,24,1,0,5,1,2001
090-052-12,128000,1231,3,2,26,1,0,5,25,2001
090-060-17,143000,1145,4,2,26,1,0,5,25,2001
090-450-03,166500,1688,3,2.5,13,2,0,5,2,2001
090-530-19,155000,1227,3,2,11,1,0,5,2,2001
091-210-49,249950,2267,4,2.5,42,1,0,5,1,2001
091-380-03,285000,2179,4,3,15,2,0,5,1,2001
092-250-03,166000,1446,3,2,9,1,0,5,23,2001
092-320-06,207000,1655,4,2,2,1,0,5,25,2001
092-350-42,189000,1350,3,2,2,1,0,5,2,2001
096-080-18,176500,1386,3,2.5,13,2,1,5,2,2001
096-200-01,220000,1796,3,2,11,1,0,5,7,2001
096-200-06,225000,2273,3,3,11,2,1,5,3,2001
096-210-07,255000,2203,4,3,10,1,0,5,11,2001
096-230-06,176650,1357,3,2,8,1,0,5,17,2001
097-081-36,135000,1254,3,1.5,47,1,0,5,23,2001
097-092-32,222500,1794,4,2.5,46,1,1,5,14,2001
097-164-14,147500,1084,3,1,49,1,1,5,1,2001
097-180-11,122000,1134,3,1,45,1,1,5,1,2001
097-210-37,157000,1205,3,2,49,1,0,5,21,2001
097-281-13,132500,1103,3,1,50,1,0,5,9,2001
097-342-02,90000,914,2,1,50,1,1,5,9,2001
097-342-23,139950,914,2,1,51,1,0,5,15,2001
097-560-51,199900,2468,3,2.5,25,1,0,5,1,2001
097-580-07,280000,2451,3,3,18,2,0,5,25,2001
098-050-42,398950,2068,3,2,23,1,0,5,17,2001
100-330-01,179500,1305,3,2,17,1,0,5,14,2001
100-350-06,282500,2240,3,2.5,15,1,1,5,3,2001
101-200-04,345000,2372,4,3,17,1,0,5,10,2001
102-100-24,170000,1559,3,2,36,1,0,5,9,2001
102-190-12,205000,1642,2,2.5,41,1,0,5,15,2001
104-020-16,200613,1647,3,2,16,1,1,5,23,2001
104-050-18,159000,1515,3,2,18,1,1,5,10,2001
104-140-05,168500,1517,3,2,24,1,0,5,23,2001
104-170-02,145000,1441,3,2,21,1,1,5,10,2001
108-120-49,172000,1512,3,1,54,1,0,5,14,2001
109-142-06,130250,962,3,1,50,1,0,5,23,2001
109-340-10,139000,1014,3,1,45,1,0,5,25,2001
110-203-07,140000,1472,2,2,41,1,0,5,25,2001
110-205-09,142000,1615,3,2,46,1,1,5,16,2001
110-240-20,165000,1400,3,2,54,2,0,5,3,2001
111-190-18,133000,1173,3,1,53,1,1,5,1,2001
111-230-19,164000,1332,3,1,50,1,0,5,14,2001
111-250-08,144500,988,2,1,53,1,0,5,22,2001
111-322-16,133620,1420,3,1,50,1,1,5,9,2001
112-060-63,325000,2247,4,3,18,2,0,5,8,2001
112-150-35,300000,2500,6,3.5,23,2,0,5,11,2001
113-045-01,230000,2302,3,2.5,51,1,1,5,13,2001
113-100-03,210000,2267,4,2,53,1,1,5,31,2001
113-201-25,210000,1557,3,2,81,2,1,5,30,2001
113-213-21,287000,2422,5,2,71,2,0,5,3,2001
113-222-16,197500,1443,3,1,81,1,0,5,27,2001
113-230-32,290000,1772,3,2.5,63,3,0,5,20,2001
113-260-18,172000,1332,2,1,54,1,0,5,7,2001
113-270-41,160000,1246,2,1,59,1,0,5,10,2001
113-310-04,169900,1522,3,1,64,1,0,5,31,2001
115-090-43,140000,1312,2,1,51,1,1,5,4,2001
115-170-18,135500,852,2,1,53,1,1,5,18,2001
115-251-09,156500,804,3,1,54,1,0,5,14,2001
116-200-25,168000,1338,3,2,19,1,1,5,22,2001
116-350-25,289000,2095,3,3,4,2,0,5,28,2001
117-231-25,68500,781,2,1,26,1,0,5,8,2001
117-233-15,127500,1380,3,2,12,1,0,5,8,2001
117-330-14,97000,1292,4,1,59,1,0,5,27,2001
117-370-42,169950,1355,3,2,9,1,0,5,24,2001
118-300-04,328000,2000,3,2,6,1,0,5,30,2001
118-300-45,324950,1553,2,2,4,1,0,5,24,2001
119-063-22,75000,836,2,1,61,1,1,5,7,2001
119-290-52,85000,900,3,1,71,1,1,5,17,2001
123-080-08,139000,925,2,1,54,1,0,5,31,2001
123-110-12,124900,958,2,1,55,1,1,5,9,2001
123-202-07,133000,1225,2,1,53,1,0,5,2,2001
123-241-02,122000,950,2,1,54,1,0,5,3,2001
125-070-32,265000,2292,2,1.5,77,1,1,5,8,2001
125-100-18,79950,710,2,1,55,1,1,5,22,2001
125-130-23,130000,941,2,1,53,1,0,5,8,2001
125-130-27,117000,1178,3,2,73,1,1,5,14,2001
125-280-05,115700,960,2,1,64,1,0,5,2,2001
125-320-05,110000,1000,3,1,55,1,0,5,30,2001
127-070-09,139950,1191,2,1.5,94,1,0,5,31,2001
127-090-17,305000,3046,4,3,54,2,0,5,1,2001
127-162-17,90000,873,2,1,94,1,0,5,16,2001
133-230-10,110500,936,2,1,52,1,0,5,29,2001
133-300-20,139500,1013,2,1,63,1,0,5,9,2001
133-420-11,149000,1472,2,1,77,1,0,5,15,2001
135-041-01,67500,1156,2,1,71,1,1,5,13,2001
135-060-16,105800,896,2,1,75,1,0,5,22,2001
135-200-42,280000,2776,5,2.5,85,2,0,5,23,2001
135-370-48,129000,1069,2,1,81,1,0,5,30,2001
137-042-09,180000,1293,2,1,72,1,0,5,10,2001
137-096-09,240000,2530,4,2.5,97,3,0,5,10,2001
137-203-01,103950,1428,3,1,81,1,1,5,18,2001
139-020-33,148500,2614,3,2,95,1,1,5,13,2001
141-113-01,112000,896,3,1,52,1,0,5,11,2001
141-213-17,118950,1218,3,1,45,1,0,5,18,2001
143-122-08,58500,848,2,1,76,1,0,5,7,2001
143-126-03,105000,850,2,1,22,1,0,5,29,2001
145-250-10,68000,886,2,1,77,1,0,5,2,2001
153-210-07,55000,1260,3,2,56,1,1,5,14,2001
157-210-19,160875,1523,3,2,36,1,0,5,15,2001
157-322-06,104000,932,3,2,21,1,0,5,1,2001
157-333-04,107250,932,2,1,51,1,0,5,30,2001
159-033-11,139000,1300,4,2,0,1,0,5,16,2001
159-120-10,138000,1250,3,2,55,1,0,5,24,2001
159-192-25,65000,1463,3,1,86,1,1,5,7,2001
159-230-44,96000,864,3,1,36,1,0,5,23,2001
159-241-07,95000,936,2,1,5,1,1,5,17,2001
161-230-35,219000,1577,3,2,9,1,1,5,10,2001
161-270-51,212000,1440,3,2,8,1,0,5,26,2001
161-300-39,274000,1833,4,2.5,7,2,0,5,4,2001
161-390-04,259950,1726,4,3,2,2,0,5,20,2001
161-470-61,205000,1281,3,2,7,1,1,5,7,2001
161-490-10,233000,1668,3,2.5,5,2,0,5,31,2001
161-530-23,220000,1557,3,2,3,1,0,5,15,2001
161-560-08,208000,1421,3,2,2,1,0,5,30,2001
161-560-29,261000,2147,4,2.5,2,2,0,5,26,2001
161-570-02,208000,1307,3,2,4,1,0,5,23,2001
161-590-52,228000,1592,4,2,3,1,0,5,14,2001
161-610-25,255000,2147,4,2.5,2,2,0,5,7,2001
161-610-36,275000,2300,3,2.5,2,2,1,5,1,2001
162-220-66,195000,1348,3,2,11,1,0,5,29,2001
163-180-57,154000,1300,4,2,0,1,0,5,30,2001
163-460-42,165120,1311,3,2,10,1,0,5,14,2001
163-480-25,162000,1229,3,2,10,1,0,5,26,2001
163-510-59,195000,1466,4,2,9,1,0,5,17,2001
163-520-10,158000,1088,3,2,8,1,0,5,2,2001
163-530-21,219500,1633,4,2.5,6,2,0,5,31,2001
163-580-43,158645,1440,3,2,8,1,0,5,5,2001
163-610-80,171000,1234,4,2,8,1,0,5,8,2001
163-620-08,168000,1023,3,2,8,1,1,5,10,2001
163-650-50,220000,1622,4,2,6,2,1,5,1,2001
163-660-27,146500,986,3,1,4,1,1,5,11,2001
163-660-38,227000,1969,4,2.5,3,2,0,5,1,2001
163-700-15,155000,1085,3,2,5,1,0,5,17,2001
163-700-30,195000,1485,3,2.5,5,2,0,5,6,2001
163-740-26,225000,2100,3,3,1,2,1,5,29,2001
165-305-05,125500,2384,6,3,31,1,0,5,31,2001
165-330-20,147000,1400,4,2,18,1,0,5,14,2001
167-092-05,115000,1064,3,2,0,1,0,5,16,2001
167-114-17,89950,1050,3,1,89,1,0,5,14,2001
167-194-03,57000,856,3,1,54,1,1,5,24,2001
169-166-04,50000,986,3,1,54,1,1,5,31,2001
171-280-27,103500,1000,3,1.5,30,1,0,5,15,2001
173-160-35,150000,1310,4,2,0,1,0,5,16,2001
173-190-49,147500,1200,3,2,7,1,0,5,22,2001
173-410-31,155000,1227,3,2,10,1,0,5,25,2001
177-221-16,112000,1097,3,2,29,1,1,5,1,2001
177-250-16,81000,1124,3,1.5,24,1,1,5,13,2001
179-082-27,250000,1527,4,1.5,47,1,0,5,22,2001
179-330-07,170000,1440,3,2,7,1,0,5,18,2001
179-350-53,144250,1002,2,1,7,1,0,5,14,2001
179-380-02,135000,846,2,1,2,1,0,5,10,2001
179-380-24,159000,1041,3,2,2,1,0,5,13,2001
181-120-13,141100,1687,4,1,45,1,1,5,17,2001
113-221-21,187500,1287,2,1,75,1,1,5,2,2001
157-300-16,118500,986,3,1,42,1,0,5,2,2001
175-033-06,102900,987,2,1,79,1,1,5,18,2001
068-040-06,215000,1428,3,2,8,1,1,6,12,2001
068-230-10,174000,1085,3,2,2,1,0,6,14,2001
068-250-25,300000,2222,5,3,2,2,0,6,15,2001
068-290-09,280000,2240,4,2.5,1,2,0,6,11,2001
070-210-08,200000,1386,3,2,9,1,0,6,15,2001
070-250-40,245750,1883,3,2.5,3,2,0,6,6,2001
071-400-25,240000,1894,3,2,10,1,0,6,11,2001
072-040-04,230000,2226,4,2.5,22,2,0,6,19,2001
072-190-06,230000,2163,4,3,21,2,1,6,3,2001
072-210-34,179900,1551,3,2,24,1,0,6,13,2001
072-240-08,175000,1584,3,2,21,1,0,6,1,2001
072-270-09,168750,1344,2,2,17,1,0,6,27,2001
072-380-27,178950,1644,3,2,22,1,0,6,11,2001
072-390-14,240000,1904,4,2,22,1,0,6,3,2001
072-430-01,169950,1410,4,2,17,1,0,6,2,2001
075-080-05,252000,2640,6,2.5,33,2,0,6,4,2001
075-080-11,269950,2203,3,2.5,35,2,0,6,18,2001
075-321-12,224950,1952,5,2.5,28,1,0,6,9,2001
077-103-04,195000,1322,3,2,42,1,0,6,27,2001
077-300-04,115000,1168,3,1.5,45,1,1,6,18,2001
078-050-32,200600,1867,4,2,13,1,0,6,6,2001
078-050-36,242000,2268,5,3,13,2,0,6,19,2001
078-060-36,172000,1503,3,2,12,1,0,6,26,2001
078-330-10,173000,1552,3,2,21,1,0,6,8,2001
078-340-23,174800,1655,3,2,17,1,0,6,20,2001
079-250-04,149950,1400,3,2,37,1,0,6,18,2001
079-380-17,153950,1472,3,2,30,1,1,6,4,2001
080-030-61,200000,1664,3,2,21,1,0,6,14,2001
081-290-07,158500,1115,3,1,45,1,0,6,26,2001
081-334-26,128000,1248,3,2,46,2,0,6,17,2001
081-344-20,139900,1138,3,1,47,1,1,6,11,2001
082-110-01,169950,1500,3,2,26,1,0,6,10,2001
082-250-37,190000,1802,4,2,25,1,0,6,5,2001
082-350-14,185000,1552,3,2,23,1,0,6,23,2001
087-170-33,260000,1931,3,2.5,27,1,0,6,5,2001
088-030-54,151000,1140,3,2,18,1,0,6,27,2001
088-150-27,145000,1424,2,2,20,1,1,6,26,2001
088-290-41,120000,1001,2,2,17,1,0,6,18,2001
088-380-04,239900,2366,5,3,4,2,0,6,4,2001
088-400-64,174900,1319,3,2.5,7,2,0,6,13,2001
089-091-16,210000,1600,3,2,39,1,1,6,28,2001
089-170-17,349500,2576,3,3,59,1,0,6,21,2001
090-020-60,145000,1118,3,2,24,1,0,6,10,2001
090-030-49,143000,1366,3,2,23,1,0,6,1,2001
090-070-14,125000,1092,3,2,22,1,0,6,22,2001
090-160-34,134000,1136,3,2,21,1,0,6,30,2001
090-260-09,134520,1100,3,2,22,1,0,6,1,2001
090-310-45,137500,1136,3,2,19,1,0,6,11,2001
090-550-53,239500,2217,4,3,11,2,0,6,2,2001
091-380-18,302500,2361,4,3,19,2,0,6,15,2001
094-240-09,147950,1257,3,2,16,1,0,6,4,2001
094-240-35,150250,1257,3,2,18,1,1,6,18,2001
094-290-26,166000,1563,4,2,12,2,0,6,8,2001
094-310-07,180000,1563,4,2,11,2,0,6,1,2001
094-350-20,192000,1600,3,2,11,1,1,6,19,2001
094-360-44,185000,1473,4,2,11,2,0,6,18,2001
096-080-28,175000,1386,3,2.5,13,2,1,6,18,2001
096-220-74,199950,1490,4,2,5,1,0,6,26,2001
096-260-16,175000,1271,3,2,5,1,0,6,15,2001
096-290-51,174000,1120,3,2,3,1,0,6,30,2001
097-032-29,219500,1540,3,2,42,1,0,6,25,2001
097-083-14,137000,1134,3,1,46,1,0,6,4,2001
097-140-25,200000,1545,3,2,47,1,0,6,19,2001
097-170-14,122000,1176,3,1,47,1,0,6,5,2001
097-170-19,130000,1176,3,1,47,1,0,6,28,2001
097-341-03,147000,1145,3,1,50,1,1,6,6,2001
097-434-17,224000,2537,3,2,51,1,0,6,4,2001
097-434-25,190000,1474,3,1.5,52,1,0,6,1,2001
097-590-30,249000,1487,4,3,26,2,1,6,1,2001
098-020-25,289900,2049,4,2,22,1,0,6,10,2001
098-020-56,440000,3407,4,2.5,22,2,0,6,15,2001
098-260-25,330000,2196,3,2.5,30,1,0,6,19,2001
100-031-01,206000,2072,4,3,26,1,0,6,10,2001
100-370-15,168000,1185,3,2,16,1,0,6,22,2001
102-170-09,159950,1267,3,1.5,43,1,0,6,4,2001
104-050-21,100000,1515,3,2,17,1,1,6,1,2001
104-130-24,160000,1604,3,2,22,1,0,6,13,2001
109-070-43,245000,2766,3,2,53,1,0,6,10,2001
110-310-26,245550,2030,4,2,12,1,0,6,13,2001
111-030-28,136500,920,2,1,50,1,1,6,1,2001
111-060-39,129500,1506,4,2,47,1,1,6,1,2001
111-170-26,142900,917,3,1,53,1,0,6,14,2001
111-201-06,95000,1524,3,2,52,2,0,6,12,2001
111-262-07,145000,1290,3,1,51,1,0,6,6,2001
111-270-22,130000,1064,3,2,50,1,1,6,27,2001
111-280-10,143000,1165,4,2,45,1,0,6,1,2001
112-160-16,255950,1829,4,2,23,1,0,6,22,2001
112-170-47,208000,1706,3,2,25,1,1,6,3,2001
113-203-07,159000,2682,5,3,82,2,1,6,19,2001
113-250-07,175000,1738,2,1,60,1,1,6,11,2001
113-310-07,225000,1605,2,2,64,1,0,6,13,2001
113-353-10,159000,1100,2,1,60,1,1,6,26,2001
115-167-06,135000,1741,3,2,55,1,0,6,26,2001
115-170-37,149000,1533,3,2,54,1,1,6,2,2001
115-243-05,140000,818,2,1,53,1,0,6,1,2001
116-070-16,249000,1723,3,2,5,1,0,6,29,2001
116-090-31,209000,1493,3,2.5,7,1,0,6,29,2001
116-310-25,455000,2200,3,2.5,6,1,0,6,3,2001
116-350-42,249000,1739,4,2,3,1,1,6,10,2001
116-390-23,178000,1091,3,2,3,1,1,6,26,2001
117-130-09,85000,1118,2,1,55,1,0,6,3,2001
117-233-14,120000,1256,3,1,68,2,0,6,3,2001
118-090-29,380000,1674,3,2,10,1,0,6,28,2001
118-180-09,360000,2448,3,2.5,4,1,0,6,12,2001
118-220-55,450000,2536,4,3,10,2,0,6,27,2001
118-330-22,257000,1731,3,2,17,1,0,6,19,2001
118-330-35,260000,2067,4,2,18,1,0,6,14,2001
118-330-42,275000,1939,4,2,18,1,0,6,5,2001
118-350-02,195000,1449,3,2,14,1,0,6,4,2001
118-350-22,258000,1811,3,2,17,1,1,6,18,2001
118-350-33,260000,1758,3,2,17,1,0,6,11,2001
119-032-12,100000,1013,2,1,17,1,1,6,13,2001
119-062-05,110000,811,2,1,71,1,1,6,13,2001
123-110-05,122000,1227,2,1,55,1,1,6,26,2001
125-040-18,235000,1773,4,2,59,1,1,6,18,2001
125-110-14,121000,1163,2,1.5,38,2,1,6,12,2001
125-270-31,111000,1062,2,1,77,1,1,6,9,2001
125-280-14,129000,1165,2,1,63,1,0,6,3,2001
125-380-21,111950,755,2,1,74,1,0,6,21,2001
127-030-30,114000,1152,2,1,76,1,0,6,22,2001
127-100-21,135000,1203,2,1,78,1,1,6,18,2001
133-150-25,114950,996,2,1,51,1,0,6,6,2001
133-300-18,159900,983,2,1,63,1,0,6,24,2001
133-300-48,164950,1102,2,1,70,1,0,6,27,2001
133-460-35,116000,1043,3,1,46,1,1,6,18,2001
135-060-15,163900,1729,3,1.5,80,2,1,6,12,2001
135-223-05,143000,1224,3,2,4,1,1,6,6,2001
135-370-49,138000,1166,2,1,82,1,1,6,24,2001
141-142-22,118000,1200,3,1,58,1,0,6,1,2001
141-196-03,55000,700,2,1,87,1,0,6,15,2001
147-270-38,110000,1318,4,2,76,1,0,6,20,2001
147-320-12,128000,1431,4,2,76,1,0,6,19,2001
155-430-30,92000,890,2,1,63,2,0,6,7,2001
157-273-16,102000,1208,3,1,45,1,0,6,18,2001
157-323-03,120000,1256,3,1,32,1,1,6,26,2001
159-055-18,95000,1230,4,2,61,1,0,6,12,2001
159-300-26,107000,1152,3,2,28,2,1,6,4,2001
161-270-43,246500,1849,3,2.5,11,2,1,6,10,2001
161-360-23,224000,1769,3,2,8,1,0,6,9,2001
161-380-22,179000,1079,3,2,7,1,0,6,16,2001
161-440-25,210000,1752,4,2.5,7,2,0,6,4,2001
161-490-08,232500,1690,3,2.5,4,2,0,6,26,2001
161-500-20,180000,1070,3,2,6,1,1,6,6,2001
161-530-14,220000,1557,3,2.5,3,2,0,6,19,2001
161-540-13,220000,1557,3,2.5,3,2,0,6,27,2001
161-550-31,260000,1832,4,2.5,4,2,0,6,22,2001
161-570-07,259000,2228,4,2.5,4,2,0,6,12,2001
161-690-08,255000,2400,4,2.5,1,2,0,6,4,2001
163-111-04,118000,1134,3,1,46,1,1,6,29,2001
163-460-08,162500,1311,3,2,9,1,0,6,25,2001
163-460-52,170000,1188,3,2,9,1,0,6,19,2001
163-501-39,189950,1538,4,2,2,1,0,6,26,2001
163-540-09,123000,980,3,1,9,1,0,6,5,2001
163-550-37,160000,1041,3,2,8,1,0,6,29,2001
163-570-33,220000,1626,3,2.5,9,2,0,6,22,2001
163-610-66,169500,1232,4,2,8,1,0,6,7,2001
163-610-72,166000,1023,3,2,8,1,1,6,7,2001
167-122-02,124000,1479,3,2,89,1,0,6,13,2001
167-191-04,117700,1088,3,2,21,1,0,6,18,2001
169-167-08,60000,986,3,1,53,1,0,6,22,2001
171-122-12,127000,1522,5,2,40,1,0,6,11,2001
171-240-49,138500,1228,3,2,9,1,1,6,25,2001
173-132-15,115000,958,2,1.5,48,1,0,6,4,2001
173-181-21,120000,988,3,1,41,1,0,6,7,2001
173-250-13,137000,1176,3,1,36,1,0,6,13,2001
173-450-29,155000,1400,4,2,0,1,1,6,28,2001
177-221-01,130000,1200,4,2.5,29,1,0,6,12,2001
177-300-02,135000,1245,3,2,3,1,0,6,11,2001
177-300-03,135000,1245,3,2,3,1,0,6,11,2001
178-120-18,167500,1346,3,2,14,1,0,6,30,2001
179-100-41,272500,1488,3,2,25,1,0,6,12,2001
179-350-24,197000,1642,3,2,6,1,0,6,18,2001
179-380-32,165000,1120,3,2,2,1,0,6,8,2001
179-380-34,155000,1000,3,2,2,1,0,6,4,2001
181-060-19,212028,1008,2,1,54,1,0,6,27,2001
135-370-44,150000,1221,2,1,69,1,1,6,21,2001
068-040-07,252950,1766,4,2,8,1,0,7,26,2001
068-040-28,195000,1428,3,2,7,1,0,7,30,2001
068-250-19,258500,2190,4,2.5,2,1,0,7,6,2001
070-240-59,259000,2090,4,3,4,1,0,7,20,2001
070-280-04,255000,2003,3,2.5,2,2,0,7,26,2001
070-280-43,320000,2824,4,2.5,2,2,0,7,1,2001
070-290-45,224000,1477,3,2,1,1,0,7,1,2001
071-373-10,272000,2204,3,3,9,2,0,7,3,2001
071-374-07,235000,1798,3,2.5,6,2,0,7,2,2001
072-020-34,292500,2658,3,2,28,1,0,7,29,2001
072-230-72,283000,2472,5,3,15,2,0,7,13,2001
072-250-24,222000,1977,4,3,22,2,1,7,12,2001
072-290-32,249500,2024,4,2,25,1,0,7,2,2001
072-300-52,220000,1934,3,2.5,25,1,1,7,3,2001
072-310-55,189900,1832,4,2,23,1,0,7,17,2001
072-320-63,181800,1760,3,2,23,1,1,7,2,2001
072-330-09,162000,1501,3,2,23,1,1,7,28,2001
072-330-11,184950,1760,3,2,23,1,0,7,13,2001
075-035-06,200000,1847,4,2,44,1,0,7,18,2001
075-040-05,140000,1520,3,2,43,1,0,7,14,2001
075-100-51,163500,2000,3,2,45,1,1,7,6,2001
075-140-12,175000,1222,3,2,51,1,0,7,1,2001
075-240-14,175000,1472,3,2,29,1,0,7,18,2001
077-224-12,233000,1636,3,2,45,1,0,7,25,2001
077-370-07,457500,3520,5,3,21,2,0,7,11,2001
078-020-47,185000,1640,3,2,17,1,0,7,1,2001
078-030-39,220000,1832,4,2,13,1,0,7,11,2001
078-060-05,217500,1829,3,2,12,1,0,7,8,2001
078-160-53,185000,1928,3,2.5,19,1,0,7,26,2001
078-200-04,195500,1866,4,2,21,1,1,7,23,2001
078-370-45,180000,1502,3,2,13,1,0,7,26,2001
078-410-16,187000,1580,3,2,16,1,1,7,30,2001
079-242-17,163000,1310,3,2,38,1,1,7,31,2001
079-243-16,175000,1627,4,2,38,1,0,7,26,2001
079-264-13,164950,1413,3,2,36,1,0,7,15,2001
079-361-27,158950,1168,3,2,44,1,0,7,9,2001
079-420-19,146000,1153,3,2,25,1,0,7,2,2001
079-450-45,137000,1380,3,2,24,1,0,7,5,2001
080-060-34,174950,1552,3,2,21,1,0,7,1,2001
081-090-05,143000,1392,3,2,36,1,0,7,20,2001
081-133-09,159900,1322,4,1.5,42,1,0,7,31,2001
081-423-16,146000,1104,3,1,49,1,1,7,8,2001
081-480-18,117000,960,2,1,26,1,0,7,12,2001
082-040-29,166950,1753,4,2,25,1,0,7,1,2001
082-170-41,154000,1545,3,2,26,1,0,7,1,2001
082-250-26,155000,1431,3,2,25,1,0,7,11,2001
086-560-23,485000,3212,4,3,14,1,0,7,7,2001
086-560-36,365000,2427,3,2,20,1,0,7,31,2001
088-053-13,159500,1346,3,2,21,1,0,7,24,2001
088-053-28,170700,1454,3,2,21,1,0,7,18,2001
088-070-36,146950,1500,3,2,23,1,0,7,6,2001
088-090-21,156500,1164,3,2,22,1,0,7,29,2001
088-100-24,148000,1673,3,2,22,1,0,7,30,2001
088-150-32,110000,965,2,2,20,1,0,7,3,2001
088-170-08,144000,1450,2,2,23,1,0,7,18,2001
088-212-21,140000,1811,4,2,26,2,1,7,19,2001
088-270-16,142000,1134,3,2,18,1,1,7,22,2001
088-270-50,145000,1134,3,2,18,1,0,7,18,2001
090-052-03,144000,1400,3,2,28,1,1,7,19,2001
090-070-68,142000,1120,3,2,22,1,1,7,25,2001
090-150-48,131000,1136,4,2,20,1,0,7,13,2001
090-210-03,143500,1283,3,2,22,1,0,7,1,2001
090-220-17,138500,1158,3,2,21,1,1,7,25,2001
090-310-42,146000,1136,3,2,19,1,1,7,23,2001
090-310-66,148000,1000,3,2,19,1,0,7,2,2001
090-520-30,185000,1645,3,2.5,11,1,0,7,31,2001
090-550-26,171050,1280,3,2,8,1,0,7,15,2001
092-050-06,131000,840,2,1,39,1,0,7,25,2001
092-360-54,230000,2000,3,2,1,1,1,7,1,2001
093-070-03,474000,3105,3,3.5,33,2,0,7,13,2001
094-100-05,156600,1395,3,2,19,1,0,7,7,2001
094-100-58,149950,981,3,2,18,1,0,7,15,2001
094-290-41,183850,1748,4,2,12,2,1,7,8,2001
094-300-05,164000,1385,3,2,11,1,0,7,2,2001
094-300-41,164000,1385,3,2,12,1,1,7,1,2001
094-300-76,170000,1385,3,2,11,1,1,7,26,2001
094-310-30,145000,1260,3,2,11,1,0,7,13,2001
094-330-10,120000,923,2,2,12,1,0,7,26,2001
094-340-13,178000,1473,4,2,11,2,0,7,18,2001
094-360-27,226000,1900,4,3,11,2,0,7,5,2001
096-080-15,174500,1386,3,2.5,13,2,1,7,14,2001
096-110-38,192000,1533,3,2,11,1,0,7,31,2001
096-170-26,175000,1359,3,2,7,1,0,7,23,2001
096-200-41,183000,1362,3,2,8,1,0,7,14,2001
096-200-72,215000,1475,4,2,7,1,0,7,5,2001
097-091-05,229000,1722,3,2,47,1,1,7,13,2001
097-091-28,262500,1746,3,2,42,1,1,7,20,2001
097-161-14,121000,898,2,1,49,1,0,7,3,2001
097-163-24,159950,1395,3,2,49,1,0,7,14,2001
097-203-28,135000,957,2,1,49,1,1,7,5,2001
097-210-02,98400,957,2,1,49,1,1,7,18,2001
098-020-11,240000,1612,3,2,23,1,1,7,23,2001
098-020-61,395000,2900,3,2.5,19,3,0,7,9,2001
098-100-16,279950,1999,4,3,22,2,0,7,19,2001
098-260-24,390000,2600,4,2.5,31,1,0,7,12,2001
100-032-01,156000,1326,3,2,24,1,1,7,12,2001
102-333-21,145000,1089,3,1,45,1,1,7,13,2001
104-130-17,156000,1438,3,2,25,1,0,7,1,2001
108-100-16,230000,2060,4,2,47,2,0,7,28,2001
109-100-34,180000,1590,3,2,46,1,0,7,13,2001
109-270-12,159000,1296,3,1.5,40,1,0,7,19,2001
109-320-14,140000,1129,3,1,47,1,1,7,20,2001
109-340-19,148000,1028,3,1,50,1,0,7,7,2001
110-050-52,228950,1813,3,2,21,1,0,7,21,2001
111-100-20,139000,1170,3,1,51,1,1,7,27,2001
111-202-30,125000,1064,3,1,49,1,0,7,1,2001
111-270-21,145000,1463,3,2,50,1,0,7,9,2001
111-382-14,164000,1304,3,2,52,1,0,7,6,2001
111-392-09,237000,2535,4,3,38,2,1,7,20,2001
112-080-06,225000,1776,3,2,22,1,0,7,17,2001
113-022-04,249000,1954,2,2,53,1,0,7,28,2001
113-023-04,240000,1678,3,1.5,51,1,1,7,26,2001
113-061-02,139500,1454,3,1,53,1,1,7,4,2001
113-130-12,195000,1924,3,2,47,1,1,7,18,2001
113-180-21,165000,1300,2,1,60,1,1,7,30,2001
113-270-58,185000,1564,3,1.5,52,1,0,7,25,2001
113-340-30,199000,1841,3,2,86,1,1,7,13,2001
113-362-03,172000,1235,2,1,67,1,0,7,11,2001
115-034-04,154950,1212,3,1,50,1,0,7,6,2001
115-100-43,171000,1667,4,1.5,51,1,0,7,4,2001
115-121-06,119950,852,2,1,52,1,1,7,2,2001
115-164-06,124900,904,2,1,50,1,1,7,2,2001
115-251-15,115000,1034,2,1,54,1,0,7,1,2001
116-070-34,239000,1549,3,2,10,1,0,7,16,2001
116-100-34,191000,1217,3,2,5,2,0,7,6,2001
116-200-06,209950,1565,4,2,19,1,1,7,31,2001
116-320-01,450000,2400,4,2.5,6,1,0,7,11,2001
117-130-27,109500,1128,2,2,55,1,0,7,6,2001
117-170-37,95000,900,2,1,64,1,1,7,22,2001
118-040-26,259950,2007,4,2,22,1,0,7,3,2001
118-290-08,324500,1723,3,2,6,1,0,7,6,2001
119-150-41,90000,879,2,1,48,1,0,7,9,2001
123-140-02,135500,1010,2,1,54,1,1,7,4,2001
123-162-08,163000,1167,3,2,55,1,0,7,4,2001
123-211-39,149000,1212,2,1,62,1,1,7,14,2001
123-221-14,165000,1501,3,2,63,1,1,7,17,2001
123-222-12,151200,1166,3,1.5,47,1,1,7,26,2001
123-242-10,140000,983,2,1,54,1,0,7,11,2001
125-250-05,125000,881,3,1,76,1,1,7,16,2001
125-280-28,147000,1176,3,1,51,1,1,7,12,2001
127-030-12,155000,1836,3,1.5,62,1,1,7,10,2001
127-050-23,122000,1121,2,1,81,1,0,7,24,2001
127-100-02,135000,1182,2,1,76,1,1,7,13,2001
127-100-15,139000,1268,3,1.5,91,1,0,7,2,2001
133-170-11,125000,962,3,1,51,1,0,7,22,2001
133-330-40,137000,1207,2,2,55,1,0,7,29,2001
135-060-52,154500,1437,3,2,56,1,0,7,27,2001
135-160-04,184950,1388,2,1,80,1,0,7,15,2001
135-175-03,128000,1300,2,1,78,1,0,7,1,2001
135-210-11,177000,1564,3,1,77,1,1,7,29,2001
135-210-17,140000,1699,2,1,84,1,1,7,18,2001
135-310-19,189000,1940,3,2,77,2,1,7,26,2001
135-350-44,270000,2135,3,2,60,2,0,7,10,2001
135-361-11,150900,1220,2,1,74,1,0,7,29,2001
141-193-06,111000,1064,3,2,0,1,0,7,16,2001
143-170-54,84000,1132,2,2,54,1,0,7,25,2001
151-031-06,114000,1319,2,2,52,1,0,7,25,2001
151-060-03,69950,954,2,1,100,1,1,7,10,2001
151-074-05,109950,1341,2,1,91,1,0,7,16,2001
153-192-00,90000,1764,3,2.5,53,2,1,7,24,2001
153-204-22,81000,894,2,1,50,1,0,7,30,2001
153-240-04,75900,816,2,1,64,1,1,7,30,2001
153-260-20,87000,850,2,1,53,1,1,7,3,2001
157-110-45,140000,1312,3,2,10,1,0,7,2,2001
157-110-46,145000,1534,3,2,10,1,0,7,4,2001
157-150-02,73000,902,2,1,73,1,0,7,16,2001
157-331-06,105950,904,2,1.5,32,1,1,7,1,2001
159-213-14,115360,1101,3,1,63,1,1,7,4,2001
159-243-03,140000,1230,4,2,0,1,0,7,13,2001
159-290-24,103000,1180,3,1,38,1,1,7,23,2001
161-220-35,250000,1901,4,3,11,2,1,7,19,2001
161-340-38,233000,1642,3,2,8,1,0,7,11,2001
161-350-36,253000,1540,3,2,8,1,0,7,28,2001
161-410-30,198800,1372,3,2,8,1,0,7,21,2001
161-420-06,264000,2328,3,2.5,4,2,0,7,24,2001
161-430-47,197000,1269,3,2,7,1,0,7,2,2001
161-480-40,200000,1421,3,2,3,1,1,7,8,2001
161-500-11,213000,1315,3,2,6,1,0,7,17,2001
161-510-48,249000,2091,4,2,4,1,0,7,3,2001
161-530-39,220000,1598,4,2,3,1,0,7,12,2001
161-610-11,246500,1969,4,2.5,2,2,0,7,19,2001
161-610-22,249950,2407,4,2.5,2,2,0,7,12,2001
161-670-09,209000,1649,4,2,1,1,0,7,23,2001
163-120-11,112000,1053,3,1,37,1,0,7,30,2001
163-180-41,159950,1600,4,2,0,1,1,7,13,2001
163-390-12,197250,1511,4,2.5,12,2,0,7,3,2001
163-430-40,178000,1440,3,2,7,1,0,7,6,2001
163-470-29,185000,1569,4,2,10,1,0,7,1,2001
163-493-10,175000,1229,3,2,10,1,0,7,25,2001
163-550-28,190000,1500,4,2,8,1,0,7,3,2001
163-560-38,225000,1630,3,2.5,9,2,0,7,10,2001
163-610-10,180000,1232,3,2,8,1,0,7,11,2001
163-610-59,140000,892,2,2,8,1,0,7,16,2001
163-610-71,174950,1234,4,2,8,1,0,7,28,2001
163-620-32,155000,892,2,2,8,1,0,7,4,2001
163-640-19,169000,1023,3,2,7,1,0,7,26,2001
163-690-53,200000,1485,4,2.5,6,1,0,7,3,2001
163-720-54,171500,1273,3,2,4,1,0,7,31,2001
165-055-18,55000,1206,3,2,50,1,1,7,20,2001
165-060-40,154000,1499,3,2,21,1,0,7,11,2001
165-360-17,88000,874,2,1,24,1,0,7,5,2001
167-092-07,87500,1090,2,1,60,1,0,7,4,2001
167-220-06,121000,980,3,2,0,1,1,7,20,2001
169-211-09,100000,1261,4,2,55,1,0,7,6,2001
171-152-27,165000,1400,4,2,0,1,0,7,25,2001
173-360-08,142000,1379,3,2,14,1,0,7,25,2001
175-113-22,149900,1500,2,1.5,47,1,0,7,6,2001
177-222-19,115000,1097,3,2,27,1,0,7,15,2001
179-000-00,152000,1000,3,2,3,1,0,7,17,2001
179-320-06,144000,1002,2,1,7,1,0,7,1,2001
179-380-36,163000,1041,3,2,2,1,0,7,10,2001
179-390-55,165000,1041,3,2,1,1,0,7,5,2001
159-370-21,147500,1251,4,2,20,1,1,7,31,2001
167-041-04,117000,1050,3,1,52,1,1,7,7,2001
000-111-22,350000,3000,4,3,0,2,0,8,24,2001
068-030-33,213000,1428,3,2,7,1,0,8,6,2001
068-040-13,259500,1885,4,2,8,1,0,8,13,2001
068-040-39,192000,1428,3,2,9,1,0,8,10,2001
068-210-50,288000,2709,6,3,3,2,1,8,17,2001
068-230-37,220000,1883,3,2.5,2,2,0,8,14,2001
068-240-28,202000,1422,3,2,2,1,0,8,21,2001
070-170-26,274500,2683,5,3,7,2,0,8,28,2001
070-270-28,392000,2697,4,3,2,2,0,8,20,2001
070-280-11,196000,1400,3,2,2,1,0,8,20,2001
070-280-53,199500,1422,3,2,2,1,0,8,18,2001
070-300-59,257500,1912,3,2,0,1,1,8,30,2001
071-240-16,165000,1222,3,2,17,1,0,8,8,2001
072-050-53,255500,2226,3,2.5,23,2,0,8,30,2001
072-060-31,180000,1600,3,2,23,1,0,8,29,2001
072-070-19,219950,1914,4,2,23,1,0,8,23,2001
072-180-22,233000,2304,4,3,21,2,0,8,31,2001
072-270-08,180000,1728,3,2,17,1,0,8,28,2001
072-310-11,179000,1673,3,2,24,1,0,8,29,2001
072-310-40,194900,1643,3,2,23,1,0,8,5,2001
072-330-29,209000,1642,3,2,23,1,0,8,29,2001
075-070-18,190500,1638,3,2,35,1,0,8,10,2001
075-280-04,174950,1457,3,2,28,1,0,8,10,2001
077-190-42,250000,2274,4,3,44,1,0,8,10,2001
078-030-42,239000,2188,4,2.5,13,2,0,8,2,2001
078-090-49,235000,1867,4,2,14,1,0,8,22,2001
078-120-22,196000,1501,3,2,14,1,0,8,1,2001
078-160-11,174000,1510,3,2,19,1,1,8,9,2001
078-170-31,201950,1503,3,2,16,1,0,8,2,2001
078-400-46,192500,1712,3,2,15,1,0,8,7,2001
079-054-07,112000,1232,2,1,37,1,1,8,30,2001
079-264-07,170840,1963,3,3,35,1,1,8,10,2001
079-322-11,125000,1125,3,2,46,1,0,8,16,2001
079-323-05,132000,1154,3,2,46,1,0,8,14,2001
079-380-02,189000,1583,3,2,30,1,0,8,16,2001
079-390-34,166100,1700,3,2,29,1,0,8,10,2001
080-220-50,197000,1852,3,2,21,1,1,8,22,2001
081-040-13,168000,1441,3,2,36,1,1,8,26,2001
081-040-18,154950,1508,3,2,35,1,0,8,6,2001
081-380-10,169000,1427,4,2,45,1,0,8,14,2001
082-200-10,185000,1561,3,2,25,1,1,8,15,2001
082-280-22,202000,1908,4,2,25,1,0,8,8,2001
082-290-24,161900,1687,3,2,25,1,1,8,25,2001
082-350-60,197000,1552,3,2,23,1,0,8,13,2001
085-090-05,225000,2012,4,3,29,1,0,8,13,2001
085-101-06,175000,1900,3,2,54,1,0,8,7,2001
085-130-15,315000,2513,3,2,45,1,0,8,3,2001
085-160-03,216000,1291,3,2,48,1,0,8,11,2001
086-400-15,365000,3103,4,3,78,2,0,8,21,2001
086-530-01,346000,1972,5,1,96,2,0,8,20,2001
088-030-27,132500,1420,3,2,21,1,1,8,3,2001
088-170-13,211900,1925,4,2.5,25,2,1,8,22,2001
088-260-14,148000,1110,3,2,18,1,0,8,1,2001
088-270-38,145000,1134,3,2,18,1,1,8,3,2001
088-290-23,150000,1465,2,2,18,1,1,8,14,2001
088-300-23,110000,1001,2,2,17,1,0,8,31,2001
088-310-11,238000,2678,5,3,11,2,0,8,22,2001
088-330-41,168000,1563,3,2,11,1,1,8,15,2001
090-030-65,149500,1242,4,2,23,1,1,8,13,2001
090-052-11,142000,1389,3,2,26,1,0,8,9,2001
090-060-05,157000,1145,3,2,26,1,0,8,3,2001
090-150-53,133500,1000,3,2,21,1,1,8,14,2001
090-210-41,162500,1301,4,2,22,1,1,8,27,2001
090-310-64,115000,900,3,2,19,1,0,8,23,2001
090-380-16,134500,1163,3,2,16,1,0,8,15,2001
090-520-05,192555,1645,4,2.5,11,2,0,8,6,2001
090-520-07,167000,1227,3,2,11,1,0,8,14,2001
090-520-56,165500,1227,3,2,10,1,0,8,25,2001
091-420-27,220000,1925,4,2,14,1,0,8,1,2001
092-240-36,163000,1384,3,2,6,1,0,8,11,2001
092-270-27,190200,1350,3,2,3,1,0,8,29,2001
092-340-11,235000,2213,4,3,1,2,0,8,17,2001
092-340-21,251000,2173,5,3,1,2,0,8,20,2001
094-310-52,165000,1680,4,2,11,1,1,8,2,2001
096-160-16,157000,1095,3,2,10,1,0,8,29,2001
096-200-07,200000,2002,3,2.5,11,2,0,8,20,2001
096-200-43,220000,1690,4,2.5,6,2,0,8,13,2001
096-200-48,175000,1205,3,2,8,1,0,8,2,2001
096-220-33,170000,1357,3,2,7,1,0,8,30,2001
096-290-22,205000,1776,3,2.5,3,2,0,8,6,2001
097-053-01,248000,1904,4,3,40,1,0,8,13,2001
097-083-18,139950,1134,3,1,46,1,1,8,21,2001
097-202-40,147550,1380,3,1,48,1,1,8,22,2001
097-350-42,179950,1558,2,2,50,1,0,8,4,2001
098-350-56,270000,2072,4,2,31,1,1,8,20,2001
100-300-06,300000,2418,3,2.5,22,2,0,8,10,2001
101-080-18,134000,1008,3,1,46,1,0,8,20,2001
102-110-33,172000,1502,3,2,42,1,1,8,19,2001
102-331-09,153000,1063,3,1,45,1,1,8,30,2001
104-210-05,134600,1485,3,2,23,1,0,8,1,2001
108-100-08,176000,1782,3,2,47,1,0,8,27,2001
108-100-25,179950,1431,2,2,48,1,1,8,28,2001
108-250-32,356500,3225,4,4,24,2,0,8,14,2001
108-250-34,335000,2185,3,2.5,23,1,0,8,7,2001
109-201-15,153000,1390,3,2,49,1,0,8,1,2001
109-350-01,129000,1096,3,1,50,1,0,8,29,2001
110-050-54,189200,1464,3,2,21,1,0,8,3,2001
110-400-22,225000,1800,4,2.5,14,2,0,8,30,2001
111-044-06,172500,1463,3,1,49,1,0,8,16,2001
111-310-03,134000,1153,3,2,38,1,0,8,17,2001
111-331-07,149950,975,3,1,52,1,0,8,24,2001
111-351-18,179500,1527,4,2,59,1,1,8,13,2001
111-371-06,160000,1102,2,1,42,1,0,8,22,2001
112-160-59,190000,1492,3,2,23,1,0,8,14,2001
113-180-14,192000,1105,2,1,60,1,0,8,1,2001
113-201-01,239950,2018,4,2.5,63,2,1,8,1,2001
115-112-23,132950,1014,3,1,50,1,1,8,1,2001
115-124-02,159950,1328,3,2,52,1,1,8,17,2001
115-154-10,149950,1410,3,2,33,1,0,8,25,2001
115-320-22,132500,1013,2,1,58,1,0,8,9,2001
115-340-04,139500,1120,3,2,17,1,0,8,1,2001
116-060-59,298500,2004,4,2,7,1,0,8,28,2001
116-100-32,195000,1217,3,2.5,5,1,0,8,17,2001
116-320-09,350000,2325,4,3,7,2,0,8,2,2001
116-360-29,370000,2989,5,3,1,2,0,8,17,2001
117-110-02,118000,1120,3,1,53,1,1,8,12,2001
117-120-30,114000,949,2,1,55,1,1,8,15,2001
117-370-26,179000,1355,3,2,7,1,0,8,7,2001
118-090-47,368000,2242,3,3,7,2,0,8,31,2001
118-340-03,285000,2010,4,2,20,1,1,8,18,2001
119-190-55,134000,1200,3,2,10,1,0,8,14,2001
123-080-01,100000,867,2,1,53,1,0,8,25,2001
123-080-10,128000,908,2,1,53,1,0,8,4,2001
123-154-25,135000,1028,2,1,52,1,1,8,19,2001
123-161-01,129950,1089,2,1,53,1,1,8,2,2001
125-150-05,129950,1081,2,1,59,1,1,8,16,2001
125-210-25,85000,1099,3,1,69,1,0,8,4,2001
127-060-11,245000,2220,4,2,89,1,0,8,25,2001
127-070-12,130000,2600,4,1.5,96,2,0,8,30,2001
133-240-27,123000,1064,3,1,46,1,1,8,7,2001
135-041-31,107000,906,2,1,75,1,0,8,31,2001
135-060-20,184000,1791,3,1.5,79,2,0,8,24,2001
135-200-05,182000,1581,3,1.5,81,1,0,8,22,2001
135-322-04,182000,1149,2,1,49,1,0,8,20,2001
135-370-29,138500,1280,2,1,63,1,1,8,28,2001
135-392-11,185000,2144,4,1.5,84,1,0,8,5,2001
137-041-01,185000,1436,2,2,44,1,0,8,28,2001
141-205-05,113000,986,2,1,61,1,0,8,1,2001
141-213-12,95000,1488,3,1,45,1,0,8,13,2001
141-235-08,117000,976,2,1,52,1,0,8,22,2001
143-420-17,70000,836,2,1,55,1,0,8,27,2001
149-085-05,90000,1068,3,1,91,1,1,8,6,2001
151-033-03,70000,1395,3,1,86,2,1,8,15,2001
151-073-12,66000,1305,2,1.5,59,1,0,8,8,2001
153-220-35,104950,896,3,1,44,1,0,8,2,2001
155-454-15,95000,868,2,1,75,1,1,8,6,2001
157-200-19,128500,1200,4,2,31,1,1,8,23,2001
157-292-20,126500,1008,3,1,25,1,0,8,24,2001
157-300-21,85000,1191,2,1,55,1,0,8,3,2001
159-290-41,171650,1891,4,2,16,1,0,8,30,2001
159-380-43,110000,1059,3,1.5,20,1,0,8,19,2001
161-390-15,205000,1100,3,2,7,1,0,8,8,2001
161-390-74,217000,1425,3,2,3,1,0,8,6,2001
161-402-38,246500,1950,4,3,3,2,0,8,15,2001
161-420-48,243000,1726,4,3,6,2,0,8,25,2001
161-550-02,220000,1781,3,3,4,2,0,8,8,2001
161-550-07,204900,1388,3,2,4,1,0,8,27,2001
161-550-09,199800,1492,3,2.5,4,2,0,8,5,2001
161-560-25,240000,2147,3,2.5,2,2,0,8,24,2001
161-600-27,265950,1781,4,2.5,3,2,0,8,17,2001
161-650-15,262500,2400,4,2.5,1,2,0,8,13,2001
161-670-25,219000,1649,4,2,2,1,1,8,20,2001
163-460-12,163000,1182,3,2,10,1,0,8,13,2001
163-460-36,157000,1310,3,2,10,1,0,8,8,2001
163-492-23,188000,1400,3,2,7,1,0,8,6,2001
163-530-46,200000,1357,4,2,5,1,0,8,8,2001
163-570-35,189000,1556,3,2.5,9,2,0,8,15,2001
163-620-04,159000,892,2,2,8,1,0,8,31,2001
163-620-06,170000,1284,3,2,8,1,0,8,11,2001
163-650-34,130000,892,2,2,7,1,1,8,16,2001
165-153-17,95000,929,2,1,73,1,0,8,17,2001
167-183-07,65000,754,2,1,81,1,0,8,2,2001
168-000-00,260000,2100,4,3,0,2,0,8,2,2001
169-212-23,57450,1036,3,1,53,1,0,8,31,2001
171-133-08,82600,1032,3,1,42,1,0,8,24,2001
171-260-14,123000,1080,3,1.5,29,1,0,8,16,2001
171-272-07,122950,1248,3,2,44,1,0,8,14,2001
171-280-12,117000,1345,3,1.5,31,1,1,8,25,2001
171-310-09,114000,1000,3,2,29,1,0,8,18,2001
171-340-20,140000,1122,3,2,9,1,0,8,29,2001
173-182-10,116000,1200,3,1,56,1,0,8,2,2001
173-370-23,135000,1379,3,2,13,1,1,8,7,2001
177-154-08,135000,1040,3,2,15,1,0,8,10,2001
179-330-18,169500,1440,4,2,7,1,1,8,6,2001
179-370-25,190000,1642,3,2,2,1,1,8,8,2001
179-380-44,161000,1000,3,2,2,1,0,8,24,2001
183-320-44,302000,1900,3,2.5,0,1,1,8,27,2001
185-020-29,465000,3165,3,3.5,11,1,0,8,14,2001
205-150-20,154900,1718,3,2,43,1,1,8,7,2001
111-351-02,145950,905,2,1,35,1,1,8,10,2001
127-212-06,89900,908,2,1,76,1,1,8,28,2001
165-306-24,103900,720,2,1,36,1,1,8,8,2001
068-210-34,226950,1715,3,2,2,1,0,9,29,2001
068-290-23,194000,1425,3,2,1,1,0,9,29,2001
068-340-07,340000,2670,4,3,0,1,0,9,26,2001
070-020-01,233000,1899,4,2,6,1,0,9,30,2001
070-180-12,190000,1386,3,2,9,1,0,9,27,2001
070-230-09,189950,1422,3,2,4,1,0,9,5,2001
070-240-15,232500,1824,3,2,4,1,0,9,14,2001
070-280-01,241000,2003,4,2.5,2,2,0,9,5,2001
071-240-29,282500,1672,2,2,18,1,0,9,1,2001
071-310-02,255000,1914,3,2.5,12,2,0,9,4,2001
072-050-49,175000,1655,3,2,22,1,0,9,11,2001
072-220-34,166000,1440,3,2,24,1,0,9,18,2001
072-290-45,200000,1686,3,2,25,1,0,9,8,2001
072-390-24,230000,2175,4,2.5,22,1,0,9,12,2001
075-050-06,189500,1690,4,2,40,1,0,9,20,2001
075-230-25,305000,2798,4,2,62,1,1,9,20,2001
077-102-08,160500,1231,3,2,41,1,0,9,4,2001
078-090-25,236800,2437,4,3,14,1,0,9,27,2001
078-360-24,180000,1578,3,2,14,1,0,9,1,2001
079-203-06,164950,1716,4,2,29,1,1,9,19,2001
079-326-14,145000,1569,3,2,46,1,0,9,8,2001
079-420-45,136000,1227,3,2,30,1,0,9,12,2001
080-150-51,179900,1667,3,2,18,1,1,9,22,2001
081-241-08,155000,1346,3,2,43,1,0,9,29,2001
081-402-05,155000,1419,3,1,47,1,0,9,25,2001
081-403-07,125000,1104,3,1,48,1,0,9,18,2001
081-421-09,155000,1408,3,2,41,1,0,9,14,2001
082-020-02,162000,1536,3,2,20,1,1,9,3,2001
082-060-25,175000,1592,3,2,25,1,0,9,28,2001
082-200-13,186500,1689,3,2,25,1,1,9,24,2001
085-210-29,350000,2209,3,2.5,13,1,0,9,10,2001
087-060-42,385000,2451,4,2,36,1,0,9,27,2001
087-080-03,120000,830,2,1,48,1,0,9,17,2001
088-090-03,174850,1434,3,2,22,1,0,9,16,2001
088-120-22,162000,1352,3,2,22,1,0,9,26,2001
088-390-15,220000,2058,4,3,6,2,0,9,17,2001
090-080-32,144950,1154,3,2,22,1,1,9,18,2001
091-380-17,270000,2212,4,2.5,19,1,0,9,20,2001
092-240-38,167000,1310,3,2,8,1,0,9,24,2001
092-270-33,187000,1350,3,2,3,1,0,9,18,2001
096-060-39,169900,1401,3,2.5,16,1,0,9,18,2001
096-120-38,240000,2041,4,2.5,11,2,0,9,10,2001
096-180-17,169750,1274,3,2,11,1,1,9,1,2001
097-283-23,143950,1258,3,1,50,1,0,9,30,2001
100-050-40,282000,2046,4,2,27,1,0,9,26,2001
102-150-36,170000,1573,3,2,39,1,0,9,5,2001
102-170-28,225000,2190,4,2.5,44,1,1,9,26,2001
102-290-05,146000,1183,3,2,42,1,1,9,21,2001
108-180-12,200000,2127,4,2.5,22,2,1,9,21,2001
109-050-11,413600,4027,4,4,41,1,1,9,28,2001
109-281-20,274950,1502,3,2,36,1,0,9,8,2001
109-320-12,135000,1143,3,1,47,1,1,9,27,2001
111-333-18,139000,1254,3,1,52,1,0,9,10,2001
113-044-11,172500,1619,3,2,52,1,0,9,24,2001
113-051-13,120000,1236,3,1,54,1,1,9,26,2001
113-211-01,159000,1126,2,1,62,1,0,9,15,2001
115-072-08,295000,2307,4,3,73,2,0,9,3,2001
115-320-05,99500,1100,3,1,54,1,0,9,6,2001
116-310-23,490000,2650,4,3,9,2,0,9,4,2001
116-430-08,225000,1400,3,2,1,2,0,9,7,2001
116-440-50,240000,1926,4,2.5,2,2,0,9,28,2001
117-140-04,118900,850,2,1,60,1,0,9,24,2001
117-183-20,120000,1230,2,1,73,1,0,9,5,2001
118-050-74,313000,2493,5,3,22,2,0,9,15,2001
118-290-21,347000,1553,3,2,5,1,0,9,12,2001
118-300-12,290000,1553,3,2,5,1,0,9,6,2001
118-310-11,193000,1186,3,2,9,1,1,9,28,2001
118-310-60,208000,1351,3,2,9,1,0,9,8,2001
119-150-05,107000,1152,3,1,68,1,1,9,20,2001
119-170-09,117500,726,2,1,65,1,0,9,4,2001
123-456-01,230000,1926,4,2.5,0,1,0,9,27,2001
125-090-03,165000,1288,2,1,75,1,0,9,29,2001
125-130-21,111000,1004,2,1,77,1,1,9,20,2001
133-412-27,120000,1060,2,1,67,1,0,9,8,2001
135-160-35,147000,1449,3,1,83,1,0,9,19,2001
135-190-44,154900,1464,2,2,80,1,1,9,10,2001
135-270-03,115000,954,2,1,75,1,1,9,24,2001
135-370-46,175000,1922,4,2,79,2,1,9,13,2001
141-082-06,99500,704,3,1,81,1,0,9,10,2001
141-142-16,156000,1889,3,2,60,1,1,9,24,2001
141-213-08,144000,1842,3,2,45,1,1,9,1,2001
141-270-40,74000,840,2,1,80,1,0,9,28,2001
143-170-36,135000,946,3,1,40,1,0,9,6,2001
143-360-19,78900,2001,4,1.5,68,2,1,9,26,2001
151-000-00,110000,1800,3,2,65,1,1,9,25,2001
157-193-33,115000,1316,3,2.5,31,1,0,9,1,2001
159-035-04,102000,952,2,1,62,1,0,9,24,2001
161-230-17,253950,2332,4,3,11,2,0,9,1,2001
161-401-17,235000,1950,4,3,3,2,0,9,20,2001
161-402-06,225000,1592,3,3,10,2,0,9,11,2001
161-450-00,209000,1468,4,2,5,1,0,9,24,2001
161-520-33,220000,1836,3,2,6,1,0,9,4,2001
161-600-21,193000,1388,3,2,3,1,0,9,24,2001
161-630-08,225000,1781,4,3,2,2,0,9,12,2001
161-730-15,209000,1600,4,2,0,1,1,9,7,2001
163-190-41,89950,882,2,1,14,1,0,9,17,2001
163-470-10,204000,1665,4,3,10,2,0,9,4,2001
163-491-10,179900,1229,3,2,10,1,0,9,26,2001
163-493-23,170000,1200,3,2,10,1,0,9,4,2001
163-550-18,178000,1243,3,2,8,1,0,9,7,2001
163-690-41,169950,1320,4,2,6,1,0,9,17,2001
166-050-09,245000,2350,4,3,0,1,0,9,14,2001
167-035-11,129000,1624,3,1,89,2,0,9,21,2001
168-030-03,246100,2407,4,2.5,1,2,0,9,13,2001
169-154-30,74000,1072,3,1,53,1,0,9,12,2001
169-223-04,93000,996,2,1,52,1,0,9,19,2001
173-250-12,116575,868,2,2,55,1,0,9,19,2001
179-350-35,159000,1000,3,1.5,6,1,0,9,15,2001
169-166-12,68000,886,2,1,54,1,0,9,11,2001
